,review_id,username,user_image,rating,review_text,thumbs_up_count,review_date,app_version,replied_at,reply_content,lang,app_name
0,c135c481-96ac-4eb8-89e2-c67804f39ad6,Md Dalower,https://play-lh.googleusercontent.com/a/ACg8ocIrQ0teMJa4csA3egd35D2bPaSuiLAJNsYiWnn5ziwOy-vqBQ=mo,5,anek Balu,0,2026-06-06 08:37:01,7.1.0,2026-06-06 08:51:06,"৫ স্টার রেটিং দেওয়ার জন্য অসংখ্য ধন্যবাদ। অনুগ্রহ করে আপনার রিভিউটি বুঝিয়ে বলুন যাতে সঠিক তথ্য দিয়ে সহযোগিতা করতে পারি। এছাড়া আপনার বিকাশ সংক্রান্ত যেকোনো সেবা বা অফার সম্পর্কে জানতে আপনার বিকাশ একাউন্ট নাম্বার সহ আমাদের মেইল করুন support@bkash.com এই ঠিকানায় অথবা ""লাইভ চ্যাট ""  করার জন্য https://www.bkash.com/help/livechat এই লিংকটি ভিজিট করুন।",bn,bKash
1,f8212c12-a6a9-40db-8225-b70d34570986,Bijoy Das,https://play-lh.googleusercontent.com/a/ACg8ocLYqBKD3XnSOq6M700ouEM6ZnvpqDEbNZGXQ0geGuiLJ2a61w=mo,1,টাকার লেনদেন করা যায়,0,2026-06-06 08:05:58,7.2.0,2026-06-06 08:50:17,"আপনার মতামত আমাদের কাছে অত্যন্ত গুরুত্বপূর্ণ। তবে আমরা আপনার রিভিউ বুঝতে পারিনি। আপনার বিকাশ সংক্রান্ত যেকোনো সেবা বা অফার সম্পর্কে জানতে আমাদের মেইল করুন support@bkash.com এই ঠিকানায় অথবা ""লাইভ চ্যাট "" করুন (https://www.bkash.com/help/livechat)। আপনার যদি বিকাশ অ্যাপটি ভালো লেগে থাকে সেক্ষেত্রে আপনি চাইলে আপনার রেটিংটি পুনর্বিবেচনা করতে পারেন।
",bn,bKash
2,d521d8f8-aca9-48e2-be25-66a0c01e6b88,HIMU SARKAR,https://play-lh.googleusercontent.com/a/ACg8ocI4bzVsAokIMduHtjJVXT4seUDYOAAUuIMx0tKonYRIuxyCWg=mo,5,খুব ভালো সহায়ক ছিল,0,2026-06-05 22:36:36,,2026-06-05 22:47:08,রেটিং দেওয়ার জন্য আপনাকে অসংখ্য ধন্যবাদ। বিকাশ অ্যাপ ব্যবহার করে আপনার ভালো লেগেছে জেনে আমরা আনন্দিত।,bn,bKash
3,4de70d77-d88e-4526-a767-2110ee641b0e,Md Masum,https://play-lh.googleusercontent.com/a/ACg8ocKuzA_ohFUmXz31KJ-DtlgiHWryLIZuM0PSC0twVjpy0zvAPQ=mo,5,best,0,2026-06-05 19:47:48,7.1.0,2026-06-05 19:49:54,Thank you for the great review! We are so happy that you loved our app. Your appreciation & encouraging ratings means a lot to us. Thanks for being with bKash.,bn,bKash
4,d101442c-f679-4fb9-a576-8151a3b42ac2,mdalomgir islam,https://play-lh.googleusercontent.com/a/ACg8ocLP2w20XVfBQgvHLD9pPMvSFWUyrzPqd5Lo2kwy3gpMVnHCyw=mo,5,লক্ষ লক্ষ টাকা লেনদেন হয়েছে আমার লোন দেই না বিকাশ কারণ জানতে পারি,0,2026-06-05 14:58:36,7.2.0,2026-06-05 15:01:43,"লোন সার্ভিসটি বর্তমানে নির্দিষ্ট সংখ্যক গ্রাহকের জন্য চালু করা হয়েছে। বিকাশ একাউন্টে লোন পাবার সম্ভাবনা বাড়াতে একাউন্ট সচল রাখুন এবং একাউন্ট দিয়ে বেশি বেশি লেনদেন করুন। তবে একাউন্টের অধিক ব্যবহার সবসময় লোন পাবার নিশ্চয়তা দেয়না। বিস্তারিত জানতে ক্লিক করুন: https://www.bkash.com/products-services/loan

",bn,bKash
5,70ed5a40-c2b7-4b9d-a6d3-e98fa66310ad,MD Roton,https://play-lh.googleusercontent.com/a/ACg8ocJLLDHxm2H2BwKilNx8lXpRb2FYwluGftvtOBF6Z5_u23Md3g=mo,5,rotonhdkte,0,2026-06-05 02:30:09,,2026-06-05 02:54:19,"Thank you very much for your 5-star review. Please explain your query so that we can provide correct information. For any services or offers related to your bKash account, please email us at support@bkash.com or Contact “Live Chat” by tapping on this link https://www.bkash.com/help/livechat with relevant information and your bKash number.",bn,bKash
6,f0123c3d-1f4f-4318-b63d-73559961655f,Md Nasir Akon,https://play-lh.googleusercontent.com/a-/ALV-UjWbR-MNAgRJ18bo_8fl4BW5AkmXXTIOee9nSPMrPoSr-Rnx6G0,3,কর্মকার পরবিন,0,2026-06-04 21:44:46,7.2.0,2026-06-04 21:52:44,আপনার মতামত আমাদের কাছে অত্যন্ত গুরুত্বপূর্ণ।তবে আমরা আপনার সমস্যাটি বুঝতে পারিনি। আপনাকে অনুরোধ জানাচ্ছি আপনার সমস্যাটি নিয়ে আপনার বিকাশ একাউন্ট নাম্বার সহ আমাদের মেইল করুন support@bkash.com এই ঠিকানায় অথবা “লাইভ চ্যাট “  করার জন্য https://www.bkash.com/help/livechat এই লিংকটি ভিজিট করুন।,bn,bKash
7,0d97d766-771a-4e99-9faa-33aedecd5f1a,mb joy,https://play-lh.googleusercontent.com/a/ACg8ocLQxbpOsI4zd3PNf0YMVorx41hnfui-vCeoQsXOXa_ezQJ6gA=mo,3,আমার অ্যাকাউন্ট যাবো,0,2026-06-04 20:23:12,7.2.0,2026-06-04 20:41:06,আপনার মতামত আমাদের কাছে অত্যন্ত গুরুত্বপূর্ণ।তবে আমরা আপনার সমস্যাটি বুঝতে পারিনি। আপনাকে অনুরোধ জানাচ্ছি আপনার সমস্যাটি নিয়ে আপনার বিকাশ একাউন্ট নাম্বার সহ আমাদের মেইল করুন support@bkash.com এই ঠিকানায় অথবা “লাইভ চ্যাট “  করার জন্য https://www.bkash.com/help/livechat এই লিংকটি ভিজিট করুন।,bn,bKash
8,d43e3509-fded-46cb-95b3-ff241db477fa,MD SAIFUL ISLAM SOHEL RANA,https://play-lh.googleusercontent.com/a/ACg8ocKjftyStKy-0pODZeINKcgyAnjDct6ddATGPCMKnZJWs7OUEA=mo,4,আমি ও আমার অনুমোদিত অ্যাপস ব্যতীত অন্য কেউ না,0,2026-06-04 18:40:19,7.2.0,2026-06-04 18:41:50,"রেটিং দেওয়ার জন্য আপনাকে অসংখ্য ধন্যবাদ। তবে, আপনার রিভিউটি আমাদের কাছে পরিষ্কার নয়। অনুগ্রহ করে আপনার রিভিউটি বুঝিয়ে বলুন যাতে সঠিক তথ্য দিয়ে সহযোগিতা করতে পারি। এছাড়া, আপনার যদি বিকাশ অ্যাপটি ভালো লেগে থাকে সেক্ষেত্রে আপনি চাইলে আপনার রেটিংটি পুনর্বিবেচনা করতে পারেন",bn,bKash
9,94e71774-bc95-44ad-a4fd-18dc2a4f0aa4,Aduri Monira,https://play-lh.googleusercontent.com/a-/ALV-UjW93ooJlL4fKkTxXbuVPWgylgKd-EgRsJAjITCXIMbnLyMLUbw,5,লোন নিবো কিভাবে বাড়াবো কি ভাবে,0,2026-06-04 18:27:20,7.2.0,2026-06-04 18:30:44,লোন সার্ভিসটি বর্তমানে নির্দিষ্ট সংখ্যক গ্রাহকের জন্য চালু করা হয়েছে। আপনি বিকাশ অ্যাপ এর হোম স্ক্রীন এর লোন অপশন থেকে যদি লোন এর ড্যাশবোর্ডটি দেখতে পান সেক্ষেত্রে আপনার একাউন্টটি লোন সার্ভিস এর অন্তর্ভুক্ত। বিস্তারিত জানতে ক্লিক করুন: https://www.bkash.com/products-services/loan,bn,bKash
10,dc110ad0-d855-4f1f-a066-a9e91c19d319,Habibur Rahman,https://play-lh.googleusercontent.com/a/ACg8ocKm2jkeWGPtjhID3O_z23TmX_r2d0DrW8WoX6GQ-NYY8oWk-w=mo,5,Good App,0,2026-06-04 16:15:49,7.2.0,2026-06-04 16:18:28,Thank you so much for your kind words. We really appreciate you taking the time to share your experience with us.,bn,bKash
11,35b1bb1c-c8a4-489e-afe5-ae9ddf6ec933,Nasir Ahmed Chowdhury,https://play-lh.googleusercontent.com/a/ACg8ocLLxGmWswjegybIqBcBdZkWfh071PsbD_KQfYcRtw2P7YVK_8Y=mo,5,good it,0,2026-06-04 15:47:49,7.2.0,2026-06-04 16:02:28,Thanks for taking the time out to share your experience with us. It really helps us keep going and deliver the best.,bn,bKash
12,562676cc-c3c5-44a6-8fea-f1431804ac23,Rj Salman,https://play-lh.googleusercontent.com/a-/ALV-UjW359WUBQRfWJRZabDTzuPrca2ob33pZDRHZnzwzA_OeUpXT1ZJ,5,nice,0,2026-06-04 13:50:05,7.2.0,2026-06-04 13:51:48,Thank you for the great review! We are so happy that you loved our app. Your appreciation & encouraging ratings means a lot to us. Thanks for being with bKash.,bn,bKash
13,9c729b6d-7bdf-4830-b49a-84e1573e34e5,shahed mdshahed,https://play-lh.googleusercontent.com/a/ACg8ocKWmalUT5dFAul44mvAjutRDyTmXBzPvGCxjf8sqMDyJvR5IA=mo,1,হয় হাই,0,2026-06-04 10:24:36,7.2.0,2026-06-04 10:30:54,বিকাশ থেকে আপনাকে স্বাগতম। বিকাশ সম্পর্কিত যেকোনো সেবা পেতে আপনার বিকাশ একাউন্ট নাম্বার উল্লেখ করে বিস্তারিত জানিয়ে আমাদের ই-মেইল করতে পারেন support@bkash.com এই ঠিকানায় অথবা লাইভ চ্যাট করতে ট্যাপ করুন: https://www.bkash.com/help/livechat এই লিংকে।,bn,bKash
14,d8affc90-89b9-407e-9569-6323a1b2171e,Md Mosheur Rahman,https://play-lh.googleusercontent.com/a-/ALV-UjU8-GSa4HUg1mPETDe_GzpDIpSt3ysZm5OBns4XiOMCdB5wdp4H,5,খুলনা জেলা পরিদর্শক ক্রাইম তদন্ত ইয়াস মানবাধিকার সহ-সভাপতি খুলনা জেলা কমিটি পরিবেশ ও আইন সহায়তা সংস্থা জনস্বার্থে দূর্নীতি তথ্য সংগ্রহ ও প্রকাশকারী দূর্নীতিবাজ দেশের শত্রু সমাজের জন্য আন্তর্জাতিক মানবাধিকার আইন প্রয়োগকারী সংস্থা কেন্দ্রীয় কমিটি,0,2026-06-04 09:45:33,7.0.0,2026-06-04 09:50:25,"৫ স্টার রেটিং দেওয়ার জন্য আপনাকে অসংখ্য ধন্যবাদ। আপনার বিকাশ সংক্রান্ত যেকোনো সেবা বা অফার সম্পর্কে জানতে আমাদের মেইল করুন support@bkash.com এই ঠিকানায় অথবা ""লাইভ চ্যাট "" করার জন্য https://www.bkash.com/help/livechat এই লিংকটি ভিজিট করুন।
",bn,bKash
15,88f0a9d9-0161-4fa4-9f25-29900b97761e,Malek Mia,https://play-lh.googleusercontent.com/a/ACg8ocL6mtRqtjOQQwueCfCuBtxKfEx3pLEs7go1y5Qki6h9dgkNyw=mo,5,আমার সব একাউন্ট বিকাশে আসুক যেমন যেমন ফেসবুক অ্যাকাউন্ট আইএমও একাউন্ট আরো অন্যান্য একাউন্ট গুলা বিকাশ এ যোগ করুন,1,2026-06-04 01:07:40,7.2.0,2026-06-04 01:10:12,"আপনার চাহিদার বিষয়টি আমাদের সাথে শেয়ার করার জন্য ধন্যবাদ। ভবিষ্যতে যদি এই ধরনের সেবা এসে থাকে সেক্ষেত্রে আশা করছি তা আপনি আমাদের ফেইসবুক পেইজ, ওয়েবসাইট (https://www.bkash.com/ ) অথবা বিকাশ অ্যাপ এর মাধ্যমে জানতে পারবেন।",bn,bKash
16,3b8f5f28-5087-4049-877c-74d7a2758d14,Md Jowel,https://play-lh.googleusercontent.com/a-/ALV-UjUFtwq5MSclQe_kZcpnNYeNY-JmoFuhpg-iAXvxBWTfl11UCUPr,5,এইআপটি অনেকটা ভালো,0,2026-06-03 22:02:50,7.1.0,2026-06-03 22:05:30,রেটিং দেওয়ার জন্য আপনাকে অসংখ্য ধন্যবাদ। বিকাশ অ্যাপ ব্যবহার করে আপনার ভালো লেগেছে জেনে আমরা আনন্দিত।,bn,bKash
17,750d2ef7-e8cc-40f7-9a85-504abd47b444,MD Shahin,https://play-lh.googleusercontent.com/a/ACg8ocKcm1V9Sju4yvsigshDxpncHPml5yq6WuvvsPVs01e-rR8NWg=mo,5,এত ঘন ঘন আপডেট না দিয়ে একবারে কাস্টমাইজ করে দিলে এমনি খুবই ভালো,1,2026-06-03 21:37:29,7.2.0,2026-06-03 21:44:17,"বিকাশ গ্রাহকদের উন্নতমানের সেবা এবং সব নতুন ফিচার দিতে প্রতিনিয়ত অ্যাপের নতুন ভার্সন নিয়ে আসছে। বিকাশ অ্যাকাউন্টের নিরাপত্তা এবং অ্যাপের সহজ ব্যবহারের জন্য এটি আপডেট করা প্রয়োজন। বিকাশ অ্যাপ ব্যবহারে কোনো সমস্যা হলে, সমাধান পেতে আমাদের support@bkash.com ঠিকানায় ইমেইল করুন অথবা https://www.bkash.com/help/livechat লিঙ্ক থেকে লাইভ চ্যাট করুন।",bn,bKash
18,e59155f0-cf2b-4f6f-8120-d8213454116c,Md Akbot H,https://play-lh.googleusercontent.com/a/ACg8ocKMW8b1qrSPWo_sPtD0VhoPE0gLfVi7a47tnR8yJVL3HUaS7w=mo,5,aliakbor,0,2026-06-03 18:57:11,7.2.0,2026-06-03 19:14:32,"Thank you very much for your 5-star review. Please explain your query so that we can provide correct information. For any services or offers related to your bKash account, please email us at support@bkash.com or Contact “Live Chat” by tapping on this link https://www.bkash.com/help/livechat with relevant information and your bKash number.",bn,bKash
19,2c49bfce-34c2-444d-8fe3-e9da816741c3,Md.Mohabbat Islam,https://play-lh.googleusercontent.com/a/ACg8ocI-lMrdPSp0RfTsKPbY_GMJCU7avC8pHxZHbqR-5mDKj_2FIA=mo,5,বিকাশ সবচেয়ে সেরা।,0,2026-06-03 15:54:44,,2026-06-03 15:59:27,আপনার মূল্যবান মতামত আমাদের সাথে শেয়ার করার জন্য আমরা কৃতজ্ঞ এবং বিকাশ ব্যবহার করে আপনার ভালো অভিজ্ঞতা হয়েছে জেনে আমরা আনন্দিত। আমরা প্রতিনিয়ত গ্রাহকদের সর্বোচ্চ সেবাটি প্রদান করার জন্য চেষ্টা করে থাকি এবং সত্যিই আনন্দিত হই যখন আপনাদের এই প্রচেষ্টাটি ভালো লাগে।,bn,bKash
20,c19a17fe-0219-43fa-a5b7-02b97f3ac622,MD:Riyan Howlather,https://play-lh.googleusercontent.com/a/ACg8ocJkP0PE-06U9qCFAO5Xq8fvSDOMYzfOMnKhOyZt65DLhqepcA=mo,5,খুব ভালো এপস আমার মতে বিসসের সবচেয়ে সেরা এপস,0,2026-06-03 11:22:50,7.1.0,2026-06-03 11:30:32,রেটিং দেওয়ার জন্য আপনাকে অসংখ্য ধন্যবাদ। বিকাশ অ্যাপ ব্যবহার করে আপনার ভালো লেগেছে জেনে এবং আপনার আশানুরূপ সেবা দিতে পারায় আমরা আনন্দিত। বিকাশের সাথে থাকার জন্য ধন্যবাদ।,bn,bKash
21,aaa95fb5-c734-424d-99e6-87a181a52844,TIPU MIHA,https://play-lh.googleusercontent.com/a-/ALV-UjUmVPa4dGmdVzNoEYB3W50kSDI4-AbaLx341avGDK6XiUBfG3Vt,5,ওকে,0,2026-06-03 05:31:40,7.2.0,2026-06-03 05:44:35,রেটিং দেওয়ার জন্য আপনাকে অসংখ্য ধন্যবাদ। বিকাশ অ্যাপ ব্যবহার করে আপনার ভালো লেগেছে জেনে আমরা আনন্দিত।,bn,bKash
22,4c085a7a-26d7-4d80-8ac2-bb54895b494c,md rubel,https://play-lh.googleusercontent.com/a-/ALV-UjUC1i3Fi28zB_NpxE0F4fs6S65ClqKOlCwEq5V9TCLMDrrmjEU,5,অনেক ভালো,0,2026-06-03 02:56:22,7.2.0,2026-06-03 03:02:29,রেটিং দেওয়ার জন্য আপনাকে অসংখ্য ধন্যবাদ। বিকাশ অ্যাপ ব্যবহার করে আপনার ভালো লেগেছে জেনে আমরা আনন্দিত।,bn,bKash
23,67fcb5f9-c0bc-4efe-97ac-50291d5898fd,Joy Das,https://play-lh.googleusercontent.com/a/ACg8ocI3ycOPc_4WJbuhArbLviqAICU2O0HKz73xshCc2Jo1gJs1qg=mo,1,খুব ভালো,0,2026-06-03 02:10:37,7.0.0,2026-06-03 02:20:48,"Your appreciation means a lot to us. We are continuously working to enrich your experience through bKash App. As you are happy with the App, if you'd like you may reconsider your rating.",bn,bKash
24,4e86dc54-efd4-43ed-b453-af7ca5ddd3ab,MD. AL-AMIN,https://play-lh.googleusercontent.com/a/ACg8ocJAuZxDwVIzoLnX9pjjtDZT1-C30FxwuK3JJSnh_Af0n4ZdVVc=mo,5,বিকাশের সাথে তিন বছর,0,2026-06-02 23:14:16,7.2.0,2026-06-02 23:21:16,রেটিং দেওয়ার জন্য আপনাকে অসংখ্য ধন্যবাদ। বিকাশ অ্যাপ ব্যবহার করে আপনার ভালো লেগেছে জেনে আমরা আনন্দিত।,bn,bKash
25,c676d4e7-0182-4ecd-9807-b703dd5858de,Md kasham Mia,https://play-lh.googleusercontent.com/a-/ALV-UjXOj1J8PJqYHc3GjfcX2eCmVb6aRizxmAWQG7jxI3dBbMn7l2el,5,আমার বিকাশ ঠিক করতে চাই,0,2026-06-02 21:28:31,7.2.0,2026-06-02 21:41:24,"৫ স্টার রেটিং দেওয়ার জন্য অসংখ্য ধন্যবাদ। অনুগ্রহ করে আপনার রিভিউটি বুঝিয়ে বলুন যাতে সঠিক তথ্য দিয়ে সহযোগিতা করতে পারি। এছাড়া আপনার বিকাশ সংক্রান্ত যেকোনো সেবা বা অফার সম্পর্কে জানতে আপনার বিকাশ একাউন্ট নাম্বার সহ আমাদের মেইল করুন support@bkash.com এই ঠিকানায় অথবা ""লাইভ চ্যাট ""  করার জন্য https://www.bkash.com/help/livechat এই লিংকটি ভিজিট করুন।",bn,bKash
26,636229e1-5397-4025-9423-6c370129c44a,Sojib Molla,https://play-lh.googleusercontent.com/a/ACg8ocJ95Jvh-HcUMEt1rd0ZEL5Cd8AzoVAKme1-Xc7FUtKEM36tRQ=mo,5,Bhalo app,0,2026-06-02 21:28:07,,2026-06-02 21:31:24,রিভিউ দেওয়ার জন্য আপনাকে অসংখ্য ধন্যবাদ। বিকাশ অ্যাপ ব্যবহার করার অভিজ্ঞতাটি আমাদের সাথে তুলে ধরার জন্য এবং বিকাশ অ্যাপ ব্যবহার করে আপনার ভালো লেগেছে জেনে আমরা আনন্দিত।,bn,bKash
27,7fa88bbc-a5e0-4649-98d6-6bb6aa2b07ac,khokan mahmud,https://play-lh.googleusercontent.com/a/ACg8ocLuv9Vwtu-wzPbQtgSep8ngLDLev1WW38g4KiquZJpJHfUMaVU=mo,5,10 বছর,0,2026-06-02 18:21:26,7.2.0,2026-06-02 18:32:00,"৫ স্টার রেটিং দেওয়ার জন্য আপনাকে ধন্যবাদ। অনুগ্রহ করে আপনার রিভিউটি বুঝিয়ে বলুন যাতে সঠিক তথ্য দিয়ে সহযোগিতা করতে পারি। এছাড়া আপনার বিকাশ সংক্রান্ত যেকোনো সেবা বা অফার সম্পর্কে জানতে আপনার বিকাশ একাউন্ট নাম্বার সহ আমাদের মেইল করুন support@bkash.com এই ঠিকানায় অথবা ""লাইভ চ্যাট ""  করার জন্য https://www.bkash.com/help/livechat এই লিংকটি ভিজিট করুন।",bn,bKash
28,1d9ee3bc-00eb-4ad0-bb3a-bf1ce865422b,আল্লাহ আমাদের রব,https://play-lh.googleusercontent.com/a-/ALV-UjWmNV7tIQDqLcbx0JIupde87yeMnWc1pwLEsnuatUZi4UTJIkRu,5,মেলা খারাপ এই অ্যাপটি🚽,1,2026-06-02 09:21:06,7.2.0,2026-06-02 09:26:19,"আপনার অসুবিধার জন্য আমরা দুঃখিত। আপনার সমস্যা সম্পর্কে বিস্তারিত জানাতে “লাইভ চ্যাট “ করার জন্য https://www.bkash.com/help/livechat এই লিংকটি ভিজিট করুন। বা support@bkash.com এ ইমেইলের মাধ্যমে আমাদের সাথে যোগাযোগ করুন, আমাদের সংশ্লিষ্ট টিম আপনার সমস্যা সমাধানের চেষ্টা করবে।",bn,bKash
29,d7d53545-8c47-455f-b525-fa9af0104272,Nupurbogra 1234,https://play-lh.googleusercontent.com/a/ACg8ocLpoU9sBI3GZEtRYNpGanwvgsDws3jz4-mtBmgyuoXvSL9tRg=mo,2,০১৭২১৮২৫৫৩০,0,2026-06-02 01:28:48,7.2.0,2026-06-02 01:40:53,"আপনার বিকাশ একাউন্টের নিরাপত্তার স্বার্থে, একাউন্ট নাম্বার এবং সকল ব্যক্তিগত তথ্য যেকোনো সামাজিক মাধ্যমে শেয়ার করা থেকে বিরত থাকুন।বিকাশ সংক্রান্ত সমস্যার সমাধান পেতে আমাদেরকে ই-মেইল করুন support@bkash.com এই ঠিকানায়,লাইভ চ্যাট করতে https://www.bkash.com/help/livechat ।এছাড়া,বিকাশ অ্যাপটি ভালো লেগে থাকে আপনার রেটিংটি পুনর্বিবেচনা করতে পারেন


",bn,bKash
30,416069fa-51b8-44b1-a745-329a412c9c10,Muhammad AnwaR sheikh,https://play-lh.googleusercontent.com/a/ACg8ocKTf3yCir8WrueJKlVw-j1mzD22epYbvV6gj6j1QQOVE3v2lJWN=mo,1,লোন তো দেননি না এই লোন এর কথা বলে আপনারা আরো মানুষ কে প্রতারণার সুযোগ করে দিয়েছেন এই লোন অপশন তুলে দেন,1,2026-06-01 23:46:42,7.2.0,,,bn,bKash
31,28bb3a57-5d85-4c22-9cec-a75b525b91d7,Najmul Hasan,https://play-lh.googleusercontent.com/a-/ALV-UjXkTIpvdeav5CZoquyXz7Zqmr2GsA0J7efaVqxa0g7whh0RfH24,5,ফিঙ্গার নিচ্ছে না,0,2026-06-01 22:16:40,6.2.0,2026-06-01 22:40:31,"আপনার অসুবিধার জন্য আমরা দুঃখিত। আপনার সমস্যা সম্পর্কে বিস্তারিত জানাতে “লাইভ চ্যাট “ করার জন্য https://www.bkash.com/help/livechat এই লিংকটি ভিজিট করুন। বা support@bkash.com এ ইমেইলের মাধ্যমে আমাদের সাথে যোগাযোগ করুন, আমাদের সংশ্লিষ্ট টিম আপনার সমস্যা সমাধানের চেষ্টা করবে।",bn,bKash
32,a96affc0-e648-46b8-a0ac-d51aad160a84,আব্দুল সামাদ,https://play-lh.googleusercontent.com/a-/ALV-UjWZJdwBWoJlRZJmSwj0L4QEHq3VKk2tvw7KNgo5k_IgXi92Xz0,5,ভালো,0,2026-06-01 18:24:15,7.1.0,2026-06-01 18:27:53,রেটিং দেওয়ার জন্য আপনাকে অসংখ্য ধন্যবাদ। বিকাশ অ্যাপ ব্যবহার করে আপনার ভালো লেগেছে জেনে আমরা আনন্দিত।,bn,bKash
33,8c9b023d-b2b3-4049-85fe-cf93556cb081,Md robin,https://play-lh.googleusercontent.com/a-/ALV-UjU0qgsajiKeJHcGIAf7PoxjvzRuMaBdnkaUFfBoCSJMen5K7nXm,3,ভালো,0,2026-06-01 16:06:53,7.2.0,2026-06-01 16:15:27,"আপনার রিভিউ-এর জন্য আপনাকে ধন্যবাদ। আমরা প্রতিনিয়ত বিকাশ এ আরও দারুণ সব ফিচার এবং সেবা নিয়ে আসছি। আপনি যেহেতু বিকাশ অ্যাপ ব্যবহার করে খুশি রয়েছেন, তাই আপনি চাইলে আপনার রেটিংটি পুনর্বিবেচনা করতে পারেন।",bn,bKash
34,55e9e27e-fb4d-4b8f-897c-eb4071db015b,Alamin Ahmed,https://play-lh.googleusercontent.com/a/ACg8ocLio3ZyVVZ2lMvP5lxPQ1ws4KNWkKM3EBGkSXBmX-9zqpXNBA=mo,5,very helpful apps,0,2026-06-01 10:38:42,7.2.0,2026-06-01 10:45:51,Thank you for your encouraging words. We are really glad that you liked our app. We will keep working to provide a good user experience. Keep using our app.,bn,bKash
35,99c51971-0acf-458a-8a23-eb07a63a0595,Md Mizancox,https://play-lh.googleusercontent.com/a-/ALV-UjXcceLB4ifCbuRlJq5QCnB3obXE9VKmAp3iKKA0FH8Z-HJNvcU,5,খুব সুন্দর একটি বই,0,2026-06-01 10:10:38,,2026-06-01 10:15:57,রিভিউ দেওয়ার জন্য আপনাকে অসংখ্য ধন্যবাদ। বিকাশ অ্যাপ ব্যবহার করার অভিজ্ঞতাটি আমাদের সাথে তুলে ধরার জন্য এবং বিকাশ অ্যাপ ব্যবহার করে আপনার ভালো লেগেছে জেনে আমরা আনন্দিত।,bn,bKash
36,236a541b-7b80-4063-a3d4-7dd7c4dec55b,My mom Kh,https://play-lh.googleusercontent.com/a/ACg8ocIVKogUoOIy_KiqbJunZIfC5emFmKSXcyxQ6VVFIo52p8_xLg=mo,5,অসাধারণ একটা সফটওয়্যার,0,2026-05-31 23:04:43,,2026-06-01 01:45:31,আপনার মূল্যবান মতামত আমাদের সাথে শেয়ার করার জন্য আমরা কৃতজ্ঞ এবং বিকাশ ব্যবহার করে আপনার ভালো অভিজ্ঞতা হয়েছে জেনে আমরা আনন্দিত। আমরা প্রতিনিয়ত গ্রাহকদের সর্বোচ্চ সেবাটি প্রদান করার জন্য চেষ্টা করে থাকি এবং সত্যিই আনন্দিত হই যখন আপনাদের এই প্রচেষ্টাটি ভালো লাগে।,bn,bKash
37,5592368c-f6f3-43da-9e45-6ac7ed273a77,Md Hossain Cumilla,https://play-lh.googleusercontent.com/a-/ALV-UjU1WWpyGOsCCZlndum2i314i1it6hS6yklMjMPQWSe9sGO1q4kI,5,"জীবনের কঠিনতম সময়েই বোঝা যায়, কে তোমার পাশে আছে আর কে অভিনয়ের আড়ালে। 🎭🤝",0,2026-05-31 05:15:32,,2026-05-31 06:00:36,রেটিং দেওয়ার জন্য আপনাকে অসংখ্য ধন্যবাদ। বিকাশ অ্যাপ ব্যবহার করে আপনার ভালো লেগেছে জেনে আমরা আনন্দিত।,bn,bKash
38,d2d0d594-bf78-4631-88fa-1a7da67a78c9,MD MEER HOSSEN,https://play-lh.googleusercontent.com/a-/ALV-UjVNNYYqmLeJMVK5GJ5pGmkFT5yu8g35wh5K7Y5vOsOWNbXVhhI,5,খুব সুন্দর,0,2026-05-30 23:48:50,,2026-05-30 23:54:03,রেটিং দেওয়ার জন্য আপনাকে অসংখ্য ধন্যবাদ। বিকাশ অ্যাপ ব্যবহার করে আপনার ভালো লেগেছে জেনে আমরা আনন্দিত।,bn,bKash
39,8c1a4b92-1237-4498-8ef9-a5ab13074b39,MEHEDI HASAN 2.0,https://play-lh.googleusercontent.com/a-/ALV-UjXxbsybxVL3xlbuUpwD91QpQ82F1XN_4ZnYdA4O7cOSZPRohgXe,1,. kub baje app 32k taka lock kore felse coustomer service take kono support pay nai Issa kore besi taka dake lock kore dise personal account,3,2026-05-30 22:07:25,7.2.0,2026-05-30 22:13:49,"আপনার অসুবিধার জন্য আমরা দুঃখিত। আপনার সমস্যা সম্পর্কে বিস্তারিত জানাতে “লাইভ চ্যাট “ করার জন্য https://www.bkash.com/help/livechat এই লিংকটি ভিজিট করুন। বা support@bkash.com এ ইমেইলের মাধ্যমে আমাদের সাথে যোগাযোগ করুন, আমাদের সংশ্লিষ্ট টিম আপনার সমস্যা সমাধানের চেষ্টা করবে।",bn,bKash
40,65ff4e63-9e2c-43a4-8122-e6b29980c24b,MD Sohel,https://play-lh.googleusercontent.com/a/ACg8ocK8_4quD-XHbwKllzy8EXuyj-IZjsNr8iz3Sbbevm-Irj2vaQ=mo,5,অনেক সুন্দর,0,2026-05-30 09:14:39,7.2.0,2026-05-30 09:16:43,রেটিং দেওয়ার জন্য আপনাকে অসংখ্য ধন্যবাদ। বিকাশ অ্যাপ ব্যবহার করে আপনার ভালো লেগেছে জেনে আমরা আনন্দিত।,bn,bKash
41,12fea6ed-2620-4a83-8a6d-fc8396809ffa,MD Rizoan Ahmad,https://play-lh.googleusercontent.com/a/ACg8ocJokmdYIUy8l45hECs3VwBm0AH_ZLpfvvtpcMyY3hlAmYEs2g=mo,5,nice,0,2026-05-30 08:58:58,7.2.0,2026-05-30 09:17:29,Thank you for the great review! We are so happy that you loved our app. Your appreciation & encouraging ratings means a lot to us. Thanks for being with bKash.,bn,bKash
42,c6f55999-b412-4a60-b247-7b440f85f830,মোং এনামুল হক,https://play-lh.googleusercontent.com/a-/ALV-UjXu5roK0cYcRcQhbdSw3lppuSuTqymr9ejlLs1ry_mMRp_gjek8,1,এনামুল বিকাশ 01714 3496 82,1,2026-05-30 03:25:46,7.2.0,2026-05-30 03:33:04,"আপনার বিকাশ একাউন্ট সংক্রান্ত যদি কোনো তথ্য জানার থাকে বা সমস্যা হয়ে থাকে সেক্ষেত্রে নিরাপত্তার স্বার্থে আপনার বিকাশ একাউন্ট নাম্বারটি আমাদের অ্যাপ রিভিউতে উল্লেখ না করে, একাউন্ট নাম্বার এবং বিস্তারিত জানিয়ে মেইল করুন support@bkash.com এ অথবা “লাইভ চ্যাট “  করার জন্য https://www.bkash.com/help/livechat এই লিংকটি ভিজিট করুন।",bn,bKash
43,9db97ef4-6091-4f24-bb3a-8768b0a6ed91,Md Alamgir,https://play-lh.googleusercontent.com/a-/ALV-UjWQ4JmlUHjG5y7-yvUn4MPfG8UmCWzTnw8SaHCXoflerOSjkXk,5,অনেক ধন্যবাদ,1,2026-05-29 20:04:19,,2026-05-29 20:07:22,রেটিং দেওয়ার জন্য আপনাকে অসংখ্য ধন্যবাদ। বিকাশ অ্যাপ ব্যবহার করে আপনার ভালো লেগেছে জেনে আমরা আনন্দিত।,bn,bKash
44,be1aa823-56f7-4f3d-b2fd-58d0c2868683,Sharmin Akter,https://play-lh.googleusercontent.com/a/ACg8ocJSUMXL6pSQyos7fYz2pRY8mLRy1clbbKs14L9FE0J6SmjpOA=mo,2,আমি দেখতে পাই,0,2026-05-29 18:08:43,7.2.0,2026-05-29 18:11:28,"রেটিং দেওয়ার জন্য আপনাকে অসংখ্য ধন্যবাদ। তবে, আপনার রিভিউটি আমাদের কাছে পরিষ্কার নয়। অনুগ্রহ করে আপনার রিভিউটি বুঝিয়ে বলুন যাতে সঠিক তথ্য দিয়ে সহযোগিতা করতে পারি। এছাড়া, আপনার যদি বিকাশ অ্যাপটি ভালো লেগে থাকে সেক্ষেত্রে আপনি চাইলে আপনার রেটিংটি পুনর্বিবেচনা করতে পারেন",bn,bKash
45,874652f5-d4f9-44d7-970d-f25de0a3518c,আমার দুই ছেলে দুই ভাই,https://play-lh.googleusercontent.com/a/ACg8ocIXm1AyBCZ5fqq1rGndWSWhp3E3-6p_ICk9C7Yoqo73wLHzQw=mo,5,সোব,1,2026-05-29 13:05:35,7.2.0,2026-05-29 13:07:57,"৫ স্টার রেটিং দেওয়ার জন্য অসংখ্য ধন্যবাদ। অনুগ্রহ করে আপনার রিভিউটি বুঝিয়ে বলুন যাতে সঠিক তথ্য দিয়ে সহযোগিতা করতে পারি। এছাড়া আপনার বিকাশ সংক্রান্ত যেকোনো সেবা বা অফার সম্পর্কে জানতে আপনার বিকাশ একাউন্ট নাম্বার সহ আমাদের মেইল করুন support@bkash.com এই ঠিকানায় অথবা ""লাইভ চ্যাট ""  করার জন্য https://www.bkash.com/help/livechat এই লিংকটি ভিজিট করুন।",bn,bKash
46,6a476897-41fd-45a5-8848-37f7df2d4d76,Naim,https://play-lh.googleusercontent.com/a/ACg8ocJW-9iHLytdH1uaUF10A6uL2dtFJ9f64XjAbHSgB499uv5WQw=mo,1,আআ,0,2026-05-29 12:57:53,7.2.0,2026-05-29 13:07:20,"Your review is very concerning to us. However, we could not understand the exact problem of yours. Please send us Email at support@bkash.com or Live Chat from https://www.bkash.com/help/livechat with relevant details. And if you have liked using bKash app, we request you to reconsider your rating.",bn,bKash
47,30a2dc56-8237-47e9-909d-4c0b80f5d338,Tuhin Islam,https://play-lh.googleusercontent.com/a/ACg8ocKcaOfSPqSZ2OS_ukaVy5OIDrVAWtD-dk4ZTm0V-ZH8P8wHlA=mo,1,একদমই একটা বাজে অ্যাপ আমার বিকাশে একটা 15 ঘন্টার জন্য অফ করে দিয়েছি এবং আমাকে যা ঝামেলায় ফেলে দিয়েছে,0,2026-05-29 12:29:03,,2026-05-29 12:35:10,আপনার সমস্যাটির বিষয়ে জানতে পেরে আমরা আন্তরিকভাবে দুঃখিত। আপনাকে অনুরোধ জানাচ্ছি আপনার সমস্যাটির স্ক্রিনশট নিয়ে আমাদের সাথে https://www.bkash.com/help/livechat অথবা আপনার বিকাশ একাউন্ট নাম্বার সহ support@bkash.com এ মেইল করে যোগাযোগ করার জন্য। আমরা সর্বোচ্চ চেষ্টা করবো সমস্যাটি সমাধান করে অ্যাপ ব্যবহারের অভিজ্ঞতাটি পুনরায় সুন্দর এবং সহজ করার।,bn,bKash
48,65b9018d-8a99-485c-870a-9d191173d419,Mdkamrul Mk,https://play-lh.googleusercontent.com/a/ACg8ocJIz6f8Mqk9NEBAv6wblktccRLFd9sYAjQiuWX6hCKY-8ZIcg=mo,5,আমি কিছু টাকা লোন নিবো,0,2026-05-29 10:47:50,7.1.0,2026-05-29 11:00:57,লোন সার্ভিসটি বর্তমানে নির্দিষ্ট সংখ্যক গ্রাহকের জন্য চালু করা হয়েছে। আপনি বিকাশ অ্যাপ এর হোম স্ক্রীন এর লোন অপশন থেকে যদি লোন এর ড্যাশবোর্ডটি দেখতে পান সেক্ষেত্রে আপনার একাউন্টটি লোন সার্ভিস এর অন্তর্ভুক্ত। বিস্তারিত জানতে ক্লিক করুন: https://www.bkash.com/products-services/loan,bn,bKash
49,c359ed97-2286-4f10-9efb-6fc547894503,Abdul Gaffar Miwa,https://play-lh.googleusercontent.com/a/ACg8ocL5FtWzubwmEmUPoD9Nhs7V0Jauf0CGiE5th9LP2AQXxjm_-g=mo,5,Ok ok ok,0,2026-05-29 07:00:18,,2026-05-29 07:07:11,Thank you for the great review! We are so happy that you loved our app. Your appreciation & encouraging ratings means a lot to us. Thanks for being with bKash.,bn,bKash
50,90cc6dfe-6638-48dd-9985-765bdd3255fb,Md Milon Runa,https://play-lh.googleusercontent.com/a/ACg8ocIyuso-L7S187txyJQ97mfFIw6BG1YN1yxOgRjgBQFVbd0RH_I=mo,5,অ্যাপটি অনেক ভালো,0,2026-05-28 12:45:42,7.2.0,2026-05-28 12:51:41,রিভিউ দেওয়ার জন্য আপনাকে অসংখ্য ধন্যবাদ। বিকাশ অ্যাপ ব্যবহার করার অভিজ্ঞতাটি আমাদের সাথে তুলে ধরার জন্য এবং বিকাশ অ্যাপ ব্যবহার করে আপনার ভালো লেগেছে জেনে আমরা আনন্দিত।,bn,bKash
51,929fde72-2c2d-4ae5-8c41-ba03fa87ed4d,Shamim Munshi,https://play-lh.googleusercontent.com/a-/ALV-UjX6LSq1vfM--GXGet9Wrge4LETwyJQh5mpwJJKaSEYAU_S-KorF,5,আলহামদুলিল্লাহ খুবই ভালো আমি খুব ভালো উপকার পেয়েছি,0,2026-05-28 07:13:13,,2026-05-28 07:37:53,রিভিউ দেওয়ার জন্য আপনাকে অসংখ্য ধন্যবাদ। বিকাশ অ্যাপ ব্যবহার করার অভিজ্ঞতাটি আমাদের সাথে তুলে ধরার জন্য এবং বিকাশ অ্যাপ ব্যবহার করে আপনার ভালো লেগেছে জেনে আমরা আনন্দিত।,bn,bKash
52,a9bc4d88-12f9-49ca-94c0-aa28eb74a7e9,Pk Rana,https://play-lh.googleusercontent.com/a/ACg8ocLgaT4zvN6OvM2cAYfls0_BQia3gRY4q6zIDINC33s-KY4FLg=mo,1,মোহাম্মদ সুমন সিকদার,0,2026-05-28 02:48:00,,2026-05-28 02:53:50,"আপনার মতামত আমাদের কাছে গুরুত্বপূর্ণ। তবে আমরা আপনার সমস্যাটি বুঝতে পারিনি। আপনাকে অনুরোধ জানাচ্ছি সমস্যাটি নিয়ে আমাদের মেইল করুন support@bkash.com এই ঠিকানায় অথবা “লাইভ চ্যাট “ করার জন্য https://www.bkash.com/help/livechat এই লিংকটি ভিজিট করুন। এছাড়া, আপনার যদি বিকাশ অ্যাপটি ভালো লেগে থাকে সেক্ষেত্রে আপনি চাইলে রেটিংটি পুনর্বিবেচনা করতে পারেন।",bn,bKash
53,0ec2dd2a-481e-46b4-a1d7-d336d452ef5e,Md Khirul,https://play-lh.googleusercontent.com/a-/ALV-UjUtKR2Kuo0mVx81yhIYcib4G3H2YdMc3VgTGREC-pHTOalb6-g,5,নাইছ,0,2026-05-27 23:43:32,7.2.0,2026-05-27 23:47:39,রেটিং দেওয়ার জন্য আপনাকে অসংখ্য ধন্যবাদ। বিকাশ অ্যাপ ব্যবহার করে আপনার ভালো লেগেছে জেনে আমরা আনন্দিত।,bn,bKash
54,c1cc1041-5a3a-4cfc-bcfe-418bed248f46,Alif Bari Chowdry Arefin,https://play-lh.googleusercontent.com/a-/ALV-UjUM5jlfOyAkDPlnjfu8py_YY9tmfjRTW6I-Yt8OAbwSgir-J8Y,5,Excellent Performance and very helpful... Best wishes ever ❤️,0,2026-05-27 22:28:09,,2026-05-27 22:33:15,Thanks for taking the time out to share your experience with us. It really helps us keep going and deliver the best.,bn,bKash
55,412bbe4c-77eb-4587-8e1c-0e8936113bfa,রমজানুল হক হক,https://play-lh.googleusercontent.com/a/ACg8ocIPovZSzVBs1zFcsh-ChNlGDjXXkCH4HneZspiNa3BvJwVJjgQ=mo,4,আমার বিকাশ এ্যাপ ওকে হচ্ছে না সিম কার্ড সুনিশ্চিত করুন দেখাচ্ছে।,12,2026-05-27 20:41:27,7.2.0,2026-05-27 20:42:57,"আপনার অসুবিধার জন্য আমরা দুঃখিত। আপনার সমস্যা সম্পর্কে বিস্তারিত জানাতে “লাইভ চ্যাট “ করার জন্য https://www.bkash.com/help/livechat এই লিংকটি ভিজিট করুন। বা support@bkash.com এ ইমেইলের মাধ্যমে আমাদের সাথে যোগাযোগ করুন, আমাদের সংশ্লিষ্ট টিম আপনার সমস্যা সমাধানের চেষ্টা করবে।",bn,bKash
56,8f50ce00-71f1-4480-bb0b-a307e618ba03,Nur islam Khan,https://play-lh.googleusercontent.com/a-/ALV-UjVLz3YfJ_S6myi942eho_kBACKdPGcLrWlwS89_hwiFKyPNcIkp,5,kon ajke app dokse na??,0,2026-05-27 18:42:18,,2026-05-27 18:45:07,"আপনার অসুবিধার জন্য আমরা দুঃখিত। আপনার সমস্যা সম্পর্কে বিস্তারিত জানাতে “লাইভ চ্যাট “ করার জন্য https://www.bkash.com/help/livechat এই লিংকটি ভিজিট করুন। বা support@bkash.com এ ইমেইলের মাধ্যমে আমাদের সাথে যোগাযোগ করুন, আমাদের সংশ্লিষ্ট টিম আপনার সমস্যা সমাধানের চেষ্টা করবে।",bn,bKash
57,b7745d87-68ba-470c-8bf8-f6c00a679392,soman mia,https://play-lh.googleusercontent.com/a/ACg8ocKKpSa7rkSZRHTotMHK559z-QJYGl2Wm1ZLUo515J9bczo73Q=mo,5,DJSUMON,0,2026-05-27 16:33:26,7.2.0,2026-05-27 17:04:13,"Thank you very much for your 5-star review. Please explain your query so that we can provide correct information. For any services or offers related to your bKash account, please email us at support@bkash.com or Contact “Live Chat” by tapping on this link https://www.bkash.com/help/livechat with relevant information and your bKash number.",bn,bKash
58,caf81782-4b9e-445f-8d9e-67593fb95f09,Munjuara Begum,https://play-lh.googleusercontent.com/a/ACg8ocJkIZivv8W_p2jxrydUGbgomAK3Trg41KCx-EzLIdYb3Bf5iA=mo,1,আমি বিকাশ অ্যাপ রেজিস্ট্রেশন করতে পারছিনা,0,2026-05-27 14:03:43,,2026-05-27 14:23:01,"আপনার অসুবিধার জন্য আমরা দুঃখিত। আপনার সমস্যা সম্পর্কে বিস্তারিত জানাতে “লাইভ চ্যাট “ করার জন্য https://www.bkash.com/help/livechat এই লিংকটি ভিজিট করুন। বা support@bkash.com এ ইমেইলের মাধ্যমে আমাদের সাথে যোগাযোগ করুন, আমাদের সংশ্লিষ্ট টিম আপনার সমস্যা সমাধানের চেষ্টা করবে।",bn,bKash
59,5bcf2b0e-1544-4b16-bdcd-43deee324bec,Md Ershad Ali Parh,https://play-lh.googleusercontent.com/a/ACg8ocLQkHFrG5xkOFYKko91qNmWd5GyzeLzqYNrQIvieiIpPvQ_gw=mo,5,ভালো,0,2026-05-27 13:56:34,7.1.0,2026-05-27 14:21:58,রিভিউ দেওয়ার জন্য আপনাকে অসংখ্য ধন্যবাদ। বিকাশ অ্যাপ ব্যবহার করার অভিজ্ঞতাটি আমাদের সাথে তুলে ধরার জন্য এবং বিকাশ অ্যাপ ব্যবহার করে আপনার ভালো লেগেছে জেনে আমরা আনন্দিত।,bn,bKash
60,0c1e9a7c-5170-4137-968c-80298950fc76,Md Junaid Miah,https://play-lh.googleusercontent.com/a/ACg8ocJNWfK2IWZx99XaRufdKcwdcfMZa_qqHzRzKXwr2XxzazzNRQ=mo,5,কুবি বালো,0,2026-05-27 10:19:18,7.2.0,2026-05-27 11:09:24,রিভিউ দেওয়ার জন্য আপনাকে অসংখ্য ধন্যবাদ। বিকাশ অ্যাপ ব্যবহার করার অভিজ্ঞতাটি আমাদের সাথে তুলে ধরার জন্য এবং বিকাশ অ্যাপ ব্যবহার করে আপনার ভালো লেগেছে জেনে আমরা আনন্দিত।,bn,bKash
61,f61b74e1-8eb0-405f-9f84-24672f4dd49a,Shagor Ahamed Robin Mia,https://play-lh.googleusercontent.com/a-/ALV-UjVohhDIjI-o7Dc4dsrnEntIFW14nGMPaFuqXG_Ep0uRsuVDBeE,5,ShagorAhamedRobin,0,2026-05-27 06:56:48,7.2.0,2026-05-27 07:00:24,"Thank you very much for your 5-star review. Please explain your query so that we can provide correct information. For any services or offers related to your bKash account, please email us at support@bkash.com or Contact “Live Chat” by tapping on this link https://www.bkash.com/help/livechat with relevant information and your bKash number.",bn,bKash
62,1a3c77fa-e029-4981-a7c8-fe1031c35cc1,SM RANA (RaNA),https://play-lh.googleusercontent.com/a-/ALV-UjW28yZh-dgwg5v6uJOXEgWME6_sQjjotp-lmHEvLW7_sRGnX90,5,50 রিচার্জ,0,2026-05-27 00:37:24,7.2.0,2026-05-27 00:52:08,"৫ স্টার রেটিং দেওয়ার জন্য আপনাকে অসংখ্য ধন্যবাদ। অনুগ্রহ করে আপনার রিভিউটি বুঝিয়ে বলুন যাতে সঠিক তথ্য দিয়ে সহযোগিতা করতে পারি। এছাড়া আপনার বিকাশ সংক্রান্ত যেকোনো সেবা বা অফার সম্পর্কে জানতে আমাদের মেইল করুন support@bkash.com এই ঠিকানায় অথবা ""লাইভ চ্যাট "" করার জন্য https://www.bkash.com/help/livechat এই লিংকটি ভিজিট করুন।",bn,bKash
63,568458ad-0bed-4d38-a8f9-ccca5010511c,Md Rafi,https://play-lh.googleusercontent.com/a/ACg8ocJlfzf5kYsknxPFkW-49OLNuck_JLD2s2bRubrxtLSGvant=mo,5,ok,0,2026-05-26 20:01:29,,2026-05-26 20:45:17,Thank you for the great review! We are so happy that you loved our app. Your appreciation & encouraging ratings means a lot to us. Thanks for being with bKash.,bn,bKash
64,1123e4ee-6485-4c11-81e6-a73684443262,নূরনবী ইসলাম নূরনবী ইসলাম,https://play-lh.googleusercontent.com/a-/ALV-UjXB9LJLQZUEwgd_0_QJImNu_Vhs182V80KeFPFOt0XlE8G6ibc,5,আমার বিকাশ অ্যাপস লগইন হচ্ছে না কেন,2,2026-05-26 16:17:48,7.2.0,2026-05-26 16:21:55,"আপনার অসুবিধার জন্য আমরা দুঃখিত। আপনার সমস্যা সম্পর্কে বিস্তারিত জানাতে “লাইভ চ্যাট “ করার জন্য https://www.bkash.com/help/livechat এই লিংকটি ভিজিট করুন। বা support@bkash.com এ ইমেইলের মাধ্যমে আমাদের সাথে যোগাযোগ করুন, আমাদের সংশ্লিষ্ট টিম আপনার সমস্যা সমাধানের চেষ্টা করবে।",bn,bKash
65,15aa1d63-19dd-47a0-8c9a-09a43eba55d4,Md saddam Hosen,https://play-lh.googleusercontent.com/a-/ALV-UjVeDK2Lr6WVc6NJ4vwc-rznMsLkib2AoTWhjr1-wJOfIPgKfdD7,5,soppur nice,0,2026-05-26 12:29:39,,2026-05-26 13:11:02,Thanks for taking the time out to share your experience with us. It really helps us keep going and deliver the best.,bn,bKash
66,e53f107f-d66c-4967-bc70-90f222b86759,MDABDULLAH ABDULLAH,https://play-lh.googleusercontent.com/a/ACg8ocLPMqjZ6MOcDeRXbZVGSwGcP1560AuzF2OG7KBx_iEq0K-FRw=mo,5,নাইস অ্যাপ আমি খুবই গরীব,0,2026-05-26 11:02:30,,2026-05-26 11:05:34,রিভিউ দেওয়ার জন্য আপনাকে অসংখ্য ধন্যবাদ। বিকাশ অ্যাপ ব্যবহার করার অভিজ্ঞতাটি আমাদের সাথে তুলে ধরার জন্য এবং বিকাশ অ্যাপ ব্যবহার করে আপনার ভালো লেগেছে জেনে আমরা আনন্দিত।,bn,bKash
67,683abb6a-d349-4474-95cf-dfed63802efd,Nihab Khan (Nipa),https://play-lh.googleusercontent.com/a/ACg8ocKTIZd8mgiYHRv2URjkeqFNW1m3mDo7drSpz6hgUx33UcZmSbGf=mo,5,nice,0,2026-05-26 10:35:05,7.2.0,2026-05-26 10:41:43,Thanks for taking the time out to share your experience with us. It really helps us keep going and deliver the best.,bn,bKash
68,ca20b178-0f8a-451c-afff-3deabf63b71d,Sadikhossaein Sadikhossaein,https://play-lh.googleusercontent.com/a-/ALV-UjXXaAtFeA1SrrothRamFp2-2r678gZyhwGICn1bT8FU0qVD9wmY,5,পেমেনট,0,2026-05-26 02:53:04,7.2.0,2026-05-26 03:15:26,"৫ স্টার রেটিং দেওয়ার জন্য আপনাকে অসংখ্য ধন্যবাদ। অনুগ্রহ করে আপনার রিভিউটি বুঝিয়ে বলুন। এছাড়া আপনার বিকাশ সংক্রান্ত যেকোনো সেবা বা অফার সম্পর্কে জানতে আপনার বিকাশ একাউন্ট নাম্বার সহ আমাদের মেইল করুন support@bkash.com এই ঠিকানায় অথবা ""লাইভ চ্যাট ""  করার জন্য https://www.bkash.com/help/livechat এই লিংকটি ভিজিট করুন।",bn,bKash
69,3e505c8e-e0d6-4c59-a44a-5f0e3174c080,Dipto Sinea,https://play-lh.googleusercontent.com/a-/ALV-UjUxasPAYcz1Yr_JRBxir24zfSKy0riHSCJbFCkiuI5cxkjI6tj5,5,ok,0,2026-05-26 01:57:55,7.2.0,2026-05-26 02:00:15,Thanks for taking the time out to share your experience with us. It really helps us keep going and deliver the best.,bn,bKash
70,a25f2f82-4a09-4d27-b0ea-4e7b6e8a1555,Rahman,https://play-lh.googleusercontent.com/a/ACg8ocKcts7COa1nG43Ywu78nMj7wUYcpyxpxOKFl2qmr_-Cv9r-wg=mo,5,অনেক ভালো,0,2026-05-25 19:22:47,7.2.0,2026-05-25 20:03:48,রেটিং দেওয়ার জন্য আপনাকে অসংখ্য ধন্যবাদ। বিকাশ অ্যাপ ব্যবহার করে আপনার ভালো লেগেছে জেনে আমরা আনন্দিত।,bn,bKash
71,3390f6fa-f60a-4fee-abcf-a065001ac5a9,একজন Google ব্যবহারকারী,https://play-lh.googleusercontent.com/EGemoI2NTXmTsBVtJqk8jxF9rh8ApRWfsIMQSt2uE4OcpQqbFu7f7NbTK05lx80nuSijCz7sc3a277R67g,5,ভালো,0,2026-05-25 17:44:54,7.2.0,2026-05-25 18:00:15,রেটিং দেওয়ার জন্য আপনাকে অসংখ্য ধন্যবাদ। বিকাশ অ্যাপ ব্যবহার করে আপনার ভালো লেগেছে জেনে আমরা আনন্দিত।,bn,bKash
72,97227fb2-8705-4df7-9c17-16c3d7cf63e8,Md. Salim Salu,https://play-lh.googleusercontent.com/a-/ALV-UjU-cpl30eXGKM63G0nKWznpdFWYLmHb8rDCSZV1XqRane_yeCc,5,আমার বিকাশ একাউন্ট টি চালু করে দিন,0,2026-05-25 16:21:16,,2026-05-25 16:48:44,"৫ স্টার রেটিং দেওয়ার জন্য আপনাকে অসংখ্য ধন্যবাদ। অনুগ্রহ করে আপনার রিভিউটি বুঝিয়ে বলুন যাতে সঠিক তথ্য দিয়ে সহযোগিতা করতে পারি। এছাড়া আপনার বিকাশ সংক্রান্ত যেকোনো সেবা বা অফার সম্পর্কে জানতে আমাদের মেইল করুন support@bkash.com এই ঠিকানায় অথবা ""লাইভ চ্যাট "" করার জন্য https://www.bkash.com/help/livechat এই লিংকটি ভিজিট করুন।",bn,bKash
73,c324002f-5a04-4c34-9d72-310532c31903,Ramue Lasi,https://play-lh.googleusercontent.com/a-/ALV-UjUg1DkZd5nIIlN-dFZqVG5TAlwD5urMyUbVLhyrxNc0RCdqkEo,5,good,0,2026-05-25 07:46:39,7.2.0,2026-05-25 07:47:28,Thanks for your support all along. It really helps us keep going and deliver the best. We will keep working to provide a good user experience. Keep using our app.,bn,bKash
74,aadcd390-681c-4d32-a7ed-80e7d8f443f8,Abdus Samad,https://play-lh.googleusercontent.com/a-/ALV-UjVO5oAyZTo3jgTSLwRaGli7kVvQZeUG8VFSBMqyQdTJhz8n_T3r,2,অন্য ডিভাইস থেকে যদি ওটিপি দেওয়ার সিস্টেম থাকতো তবে অনেক ভালো হতো,9,2026-05-24 22:08:13,7.2.0,2026-05-24 22:15:20,"আপনার চাহিদার বিষয়টি আমাদের সাথে শেয়ার করার জন্য ধন্যবাদ। যদি ভবিষ্যতে এই ধরনের সেবা এসে থাকে সেক্ষেত্রে আশা করছি তা আপনি আমাদের ফেইসবুক পেইজ, ওয়েবসাইট (https://www.bkash.com/) অথবা বিকাশ অ্যাপ থেকে জানতে পারবেন। এছাড়া আপনার যদি বিকাশ অ্যাপটি ভালো লেগে থাকে সেক্ষেত্রে অনুগ্রহ করে আপনার রেটিংটি পুনর্বিবেচনা করুন।",bn,bKash
75,e095f204-62e8-46fb-8301-dbfc03ee733e,SHM Sujon Sakib,https://play-lh.googleusercontent.com/a/ACg8ocL2GDBCOymIBcnQQ15YH_fduDjVbH12LvRXn4R6ZYWRpF-lMA=mo,5,বিকাশ আমার প্রতিদিন এর সাথে হয় উঠছে,0,2026-05-24 19:04:53,6.4.0,2026-05-24 19:23:02,রেটিং দেওয়ার জন্য আপনাকে অসংখ্য ধন্যবাদ। বিকাশ অ্যাপ ব্যবহার করে আপনার ভালো লেগেছে জেনে এবং আপনার আশানুরূপ সেবা দিতে পারায় আমরা আনন্দিত। বিকাশের সাথে থাকার জন্য ধন্যবাদ।,bn,bKash
76,b155d1bf-6c47-422e-a76d-3dc5e79d0d13,Mahmud Vai,https://play-lh.googleusercontent.com/a/ACg8ocKsZ9KSWowCJ2DjqH6uxJCczCy_BhFrxn0usAeypnOVJP2tDw=mo,5,❤️❤️❤️,1,2026-05-24 04:59:27,7.1.0,2026-05-24 05:02:05,Thank you so much for your kind words. We really appreciate you taking the time to share your experience with us.,bn,bKash
77,44e19cf6-60df-4b26-8786-74d0fafad7e1,MD Ebrahim,https://play-lh.googleusercontent.com/a-/ALV-UjVsMPLeKilBplNe1RSECkuv1b_shGEgB2UEwoIPBCSCKmYAVNJ0,5,Thank you.,0,2026-05-23 20:06:48,7.2.0,2026-05-23 20:12:41,Thank you for the great review! We are so happy that you loved our app. Your appreciation & encouraging ratings means a lot to us. Thanks for being with bKash.,bn,bKash
78,6e6d8b6d-7bb4-42ad-aea8-28fa7f4d0909,Nil Tarngo,https://play-lh.googleusercontent.com/a/ACg8ocLbksWZuMpkaGKvdQqPmDIqVZhXeShJ4x0QKtszpPL7IdvgYw=mo,1,ভারি হয়ে গেছে স্টোরেজ বেশী খায়।,0,2026-05-23 19:44:48,7.1.0,2026-05-23 20:03:05,"রেটিং দেওয়ার জন্য আপনাকে অসংখ্য ধন্যবাদ। তবে, আপনার রিভিউটি আমাদের কাছে পরিষ্কার নয়। অনুগ্রহ করে আপনার রিভিউটি বুঝিয়ে বলুন যাতে সঠিক তথ্য দিয়ে সহযোগিতা করতে পারি। এছাড়া, আপনার যদি বিকাশ অ্যাপটি ভালো লেগে থাকে সেক্ষেত্রে আপনি চাইলে আপনার রেটিংটি পুনর্বিবেচনা করতে পারেন",bn,bKash
79,10bec7d8-a73e-4568-a163-9d786392b1ba,DJAS 2025,https://play-lh.googleusercontent.com/a-/ALV-UjVX4gxw1T9JDFLlYuMZTAM6NVwrXnn0mb6twgRAk5FaAdNoH-qT,5,good,0,2026-05-23 16:43:31,7.2.0,2026-05-23 17:11:29,Thank you for the great review! We are so happy that you loved our app. Your appreciation & encouraging ratings means a lot to us. Thanks for being with bKash.,bn,bKash
80,8df998da-ca91-40b2-87f2-c5e5da1eec82,Bilkis Banu,https://play-lh.googleusercontent.com/a/ACg8ocI6lEX-Y5smsds9vwer7EWuNBsBKSkU9PJtXAKV4jRrhMh7ig=mo,5,khub e bhalo,0,2026-05-23 11:31:21,,2026-05-23 12:22:58,অসংখ্য ধন্যবাদ আপনার এই সুন্দর রিভিউটি  আমাদের সাথে শেয়ার করার জন্য। আশা করছি ভবিষ্যতেও আপনার মতো মূল্যবান গ্রাহকদের এভাবেই ভালো সেবা প্রদান করতে পারবো।,bn,bKash
81,807780ad-a1e5-410a-bc25-fb299f47d245,Ratna Das,https://play-lh.googleusercontent.com/a-/ALV-UjVYXroCev-si7NE4YeQveI6c_f6-s1AfnGPNjo9BHN94tU-pkpI,5,বিকাশ এর একবার প্রতারণা এর শিকার হয়েছি তাই খুব ভয়,3,2026-05-23 11:04:53,7.2.0,2026-05-23 11:07:05,"আপনার অভিজ্ঞতার জন্য দুঃখিত। অনুগ্রহ করে প্রতারণার বিষয়ে পরবর্তী অনুসন্ধানের জন্য এবং অভিযোগ জানাতে বিস্তারিত উল্লেখ করে নাম্বার সহ আমাদের মেইল করুন support@bkash.com এই ঠিকানায় অথবা “লাইভ চ্যাট “ করার জন্য https://www.bkash.com/help/livechat এই লিংকটি ভিজিট করুন। মনে রাখবেন, বিকাশ কখনই আপনার বিকাশ একাউন্টের পিন ও ভেরিফিকেশন কোড জানতে চায় না।",bn,bKash
82,9a70ebda-40a6-4085-8077-847df2ef66d5,Md Mahfuj,https://play-lh.googleusercontent.com/a-/ALV-UjU-Ao5dB4pAk2_Jvjo10QhSAI-BJJzmbtQgbo12M-5pwQ647rZb,3,💘,0,2026-05-23 09:17:54,7.0.0,2026-05-23 09:19:27,"We feel glad to know your feedback. Stay with bKash and enjoy amazing services that we are continuously bringing to make you happy. As you are happy with the App, if you'd like you may reconsider your rating.",bn,bKash
83,b3cb44cb-68e5-4611-b3e5-d94781176076,md RAZAUL ALAM shiplu Businessman,https://play-lh.googleusercontent.com/a-/ALV-UjXK4Nc3bhSqP9gCUJnikQnAvxRXN2Cf71aprFmDx1N69JggQTg,5,good,0,2026-05-22 20:04:15,7.2.0,2026-05-22 20:05:22,Thanks for taking the time out to share your experience with us. It really helps us keep going and deliver the best.,bn,bKash
84,3cd5e290-1a48-4b9f-858a-407f52792b34,Sk Siam,https://play-lh.googleusercontent.com/a/ACg8ocIiOmeInrKxz-Y4sgjQZ0LGVJyiQN2fUOV0lH5GnppguyWKpA=mo,5,Good App,0,2026-05-22 19:21:16,7.2.0,2026-05-22 20:04:05,Thanks for your support all along. It really helps us keep going and deliver the best. We will keep working to provide a good user experience. Keep using our app.,bn,bKash
85,795f9d68-56ba-4cc7-b435-6e8909977a44,Kajol Mr,https://play-lh.googleusercontent.com/a-/ALV-UjVoBohfmonWotdf4Rn-nX5vE2MBYwQhLvMmNmzP0wiOSd8bLXf-,5,eta onek valo,0,2026-05-22 19:03:40,6.9.5,2026-05-22 19:08:52,রেটিং দেওয়ার জন্য আপনাকে অসংখ্য ধন্যবাদ। বিকাশ অ্যাপ ব্যবহার করে আপনার ভালো লেগেছে জেনে আমরা আনন্দিত।,bn,bKash
86,199fdc6f-e214-4fda-ae91-fe1dfad3de48,MD Nayeem,https://play-lh.googleusercontent.com/a/ACg8ocLrJs0cg5eF86b55OpNkLVb67Zo5qzD64AljmDNUuA7OVvgMg=mo,5,good,1,2026-05-22 16:59:11,7.2.0,2026-05-22 17:23:36,Thanks for taking the time out to share your experience with us. It really helps us keep going and deliver the best.,bn,bKash
87,f2364140-572a-43e6-bd9f-64cd641a6019,Md Junayed,https://play-lh.googleusercontent.com/a/ACg8ocInBEbK_s_a46nDm4qbpRwIIAoF_VSJt_RehGSbJ8MiVmSYMg=mo,5,good,0,2026-05-22 13:25:24,7.1.0,2026-05-22 13:39:47,Thanks for taking the time out to share your experience with us. It really helps us keep going and deliver the best.,bn,bKash
88,57efeda8-cc14-4fec-b0d8-22a5cad4d3fb,Shawan Bhaumuk,https://play-lh.googleusercontent.com/a/ACg8ocIogV1VmyWjr3VAPrWLT9Y-3pbqMlYBhsn22O8Cs5fbWWsJmA=mo,5,খুব ভালো,0,2026-05-22 12:45:39,7.1.0,2026-05-22 12:56:37,অসংখ্য ধন্যবাদ আপনার এই সুন্দর রিভিউটি  আমাদের সাথে শেয়ার করার জন্য। আশা করছি ভবিষ্যতেও আপনার মতো মূল্যবান গ্রাহকদের এভাবেই ভালো সেবা প্রদান করতে পারবো।,bn,bKash
89,a68dd288-33b4-4cb5-b040-46e325c94cb6,Saiful Islam Sikdar,https://play-lh.googleusercontent.com/a-/ALV-UjUQHV6FKyDktgCzrJHUG-tPzr4bX6sSuhwaPNEmhUBDqTg0CNQ,5,Nice,0,2026-05-22 10:39:17,7.0.0,2026-05-22 10:40:46,"Thank you for the great review! We are so happy that you loved our app. Your appreciation & encouraging ratings means a lot to us. Thanks for being with bKash.

",bn,bKash
90,28c96a05-01af-4f5f-ba07-1e9e9c3757e7,MdJowelMia Mia,https://play-lh.googleusercontent.com/a-/ALV-UjVeFJm_LqADQgPri7MCFH8W252EtwFitJcbOCcnm9EN0o8VGOmK,5,চমৎকার,0,2026-05-22 00:36:41,,2026-05-22 00:41:41,রেটিং দেওয়ার জন্য আপনাকে অসংখ্য ধন্যবাদ। বিকাশ অ্যাপ ব্যবহার করে আপনার ভালো লেগেছে জেনে আমরা আনন্দিত।,bn,bKash
91,af8270fa-fc39-4ae4-83d2-53794448a4e7,Bilal How old are,https://play-lh.googleusercontent.com/a/ACg8ocI2OWP_MnQnrcWH7TFVcr8ERHIU4T_7VLs8RkBFqMF81VOalA=mo,5,available holiday,0,2026-05-22 00:27:49,7.2.0,2026-05-22 00:30:46,"Thank you very much for your 5-star review. Please explain your query so that we can provide correct information. For any services or offers related to your bKash account, please email us at support@bkash.com or Contact “Live Chat” by tapping on this link https://www.bkash.com/help/livechat with relevant information and your bKash number.",bn,bKash
92,6a23d7f6-8872-465c-9382-58101123d0d6,MDMOHIN UDDIM,https://play-lh.googleusercontent.com/a/ACg8ocKThl84nyxKBgQYS_dYwx-AZe_VpAmIcUkDkOCQMEMHyT2eHg=mo,5,খুব ভালো,0,2026-05-21 08:32:09,7.2.0,2026-05-21 08:52:56,রিভিউ দেওয়ার জন্য আপনাকে অসংখ্য ধন্যবাদ। বিকাশ অ্যাপ ব্যবহার করার অভিজ্ঞতাটি আমাদের সাথে তুলে ধরার জন্য এবং বিকাশ অ্যাপ ব্যবহার করে আপনার ভালো লেগেছে জেনে আমরা আনন্দিত।,bn,bKash
93,eb31e493-e7d0-41d5-8731-7fb5008bb79e,Priya Islam Priya Islam,https://play-lh.googleusercontent.com/a-/ALV-UjUM5lU8l4jMSyAcBurmJT0gWnSOk3Wqvbtrer7TsfqiJBqYLXk,1,আমি রেজিস্ট্রেশন করতে পারছি না,6,2026-05-21 06:32:44,7.2.0,2026-05-21 06:38:24,"আপনি খুব সহজেই বিকাশ অ্যাপটি আপনার হ্যান্ডসেটে ডাউনলোড করে, “লগইন/রেজিস্ট্রেশন” বাটনে ট্যাপ করে পরবর্তী নির্দেশনা গুলো অনুসরণ করে নিজের বিকাশ একাউন্ট নিজেই খুলতে পারবেন। সেজন্য শুধুমাত্র আপানার জাতীয় পরিচয়পত্র/স্মার্ট কার্ড সাথে থাকতে হবে। বিস্তারিত জানতে ভিজিট করুন: https://www.bkash.com/page/open-new-account",bn,bKash
94,b14ee159-cac3-4adf-8dd3-5931e098045a,Shah Alam,https://play-lh.googleusercontent.com/a/ACg8ocLUEtQefiZYi07e7jTwqXauSTQLPFBZj4wYkaORBYTdjNg9=mo,1,valo,0,2026-05-21 05:59:00,7.2.0,2026-05-21 06:18:58,"আপনার রিভিউ-এর জন্য আপনাকে ধন্যবাদ। আমরা প্রতিনিয়ত বিকাশ এ আরও দারুণ সব ফিচার এবং সেবা নিয়ে আসছি। আপনি যেহেতু বিকাশ অ্যাপ ব্যবহার করে খুশি রয়েছেন, তাই আপনি চাইলে আপনার রেটিংটি পুনর্বিবেচনা করতে পারেন।",bn,bKash
95,047c891b-7104-4a79-9045-26de31583ce4,Robi Khan,https://play-lh.googleusercontent.com/a/ACg8ocIZVDPn75mk4qc9-bwFJB-Pa05upgsGqAUJPlpTlxWJyUQO9g=mo,4,ভার্চুয়াল পেমেন্ট কার্ড সিস্টেম আনেন,0,2026-05-20 22:24:55,,2026-05-20 22:36:45,"দুঃখিত, আপনার রিভিউটি আমাদের নিকট স্পষ্ট নয়। বিকাশ অ্যাপ ব্যবহারে সমস্যার সম্মুখীন হয়ে থাকলে বিস্তারিত তথ্য এবং আপনার বিকাশ একাউন্ট নাম্বারটি আমাদেরকে support@bkash.com এই ঠিকানায় ই-মেইলে জানাতে পারেন অথবা livechat.bkash.com এ অনলাইনে যোগাযোগ করতে পারেন।",bn,bKash
96,fda7a59e-9afb-463c-a40a-59461c5f6ec3,মনিরুল ইসলাম,https://play-lh.googleusercontent.com/a/ACg8ocK9RNudHSyk5a6ZSuI3qU70AZG6Hefs3wsuUIlRoI2z45Gh-A=mo,5,খুবই ভালো,0,2026-05-20 19:52:43,7.2.0,2026-05-20 19:54:17,রেটিং দেওয়ার জন্য আপনাকে অসংখ্য ধন্যবাদ। বিকাশ অ্যাপ ব্যবহার করে আপনার ভালো লেগেছে জেনে আমরা আনন্দিত।,bn,bKash
97,f52bd6a9-ec14-436e-b238-f7dd785fd040,MD:PIARUL ISLAM,https://play-lh.googleusercontent.com/a/ACg8ocKPg--GVV3cz2YF_uiWqJu2Fz8xSRsfoBfZjpydGe4KZEFiyQ=mo,5,ধন্যবাদ,0,2026-05-20 19:25:26,,2026-05-20 19:29:17,রেটিং দেওয়ার জন্য আপনাকে অসংখ্য ধন্যবাদ। বিকাশ অ্যাপ ব্যবহার করে আপনার ভালো লেগেছে জেনে আমরা আনন্দিত।,bn,bKash
98,7887c11c-15b1-404d-b410-e1f19fbd7611,SK MD yeasin Ali,https://play-lh.googleusercontent.com/a-/ALV-UjXOFTAof2xH0UBMBCcd3ihSZWwpYrgyD_uCYugVI0pG_Ua__5I,5,অনেক সুন্দর,1,2026-05-20 13:47:16,7.2.0,2026-05-20 13:49:14,রেটিং দেওয়ার জন্য আপনাকে অসংখ্য ধন্যবাদ। বিকাশ অ্যাপ ব্যবহার করে আপনার ভালো লেগেছে জেনে আমরা আনন্দিত।,bn,bKash
99,cb20f8aa-a792-4362-a95d-832e5bf5e1eb,Sumaia Akter,https://play-lh.googleusercontent.com/a/ACg8ocKgZxhzid1f_s0nxgMLz8EC0WkXwrHHUzB77mw54XQJXSdl6g=mo,4,ধন্যবাদ,0,2026-05-19 21:54:08,,2026-05-19 22:06:06,"আপনার প্রশংসা আমাদের কাছে অত্যন্ত মূল্যবান। বিকাশ অ্যাপের অভিজ্ঞতা সমৃদ্ধ করার জন্য আমরা নিরলসভাবে কাজ করে যাচ্ছি ।  আপনি যেহেতু বিকাশ অ্যাপ ব্যবহার করে খুশি রয়েছেন, তাই আপনি চাইলে আপনার রেটিংটি পুনর্বিবেচনা করতে পারেন।",bn,bKash
100,3122877e-bd43-4f3d-9fd2-0eb3c8bbe41b,Mdrumel Hossain,https://play-lh.googleusercontent.com/a-/ALV-UjXWXZUsdjeSJS_JJg2wWDpIvCfePaN3zwhvR7E3hNAOyGh8E1Q,5,wow,0,2026-05-19 15:05:05,7.2.0,2026-05-19 15:35:30,"Thanks for taking the time out to share your experience with us. It really helps us keep going and deliver the best.

",bn,bKash
101,00efdbbc-b136-478e-8ac6-c1606db35a74,Md Rasel,https://play-lh.googleusercontent.com/a/ACg8ocIa3_cZTUJJpt_eBEBi_YWDcgC_aaUjN3PU2-OsVF54h6bdtA=mo,5,ভালো,1,2026-05-19 00:19:21,7.2.0,2026-05-19 00:26:03,রেটিং দেওয়ার জন্য আপনাকে অসংখ্য ধন্যবাদ। বিকাশ অ্যাপ ব্যবহার করে আপনার ভালো লেগেছে জেনে আমরা আনন্দিত।,bn,bKash
102,3001db33-de25-4d0b-86d7-8a5cd597a495,Md khokon,https://play-lh.googleusercontent.com/a/ACg8ocI6WuAltnHR8kM_RA7yt-VYSmtwScnMyUF0DbrIt1DxHYbZUw=mo,5,valo,0,2026-05-18 18:21:07,7.1.0,2026-05-18 18:51:44,রেটিং দেওয়ার জন্য আপনাকে অসংখ্য ধন্যবাদ। বিকাশ অ্যাপ ব্যবহার করে আপনার ভালো লেগেছে জেনে আমরা আনন্দিত।,bn,bKash
103,6b2b3b93-41d6-4c99-9ac1-e8f2d6bbcd55,Faruk Md,https://play-lh.googleusercontent.com/a-/ALV-UjU6ZojTykNym_tncVpFmsGxjvvXE2EJ3dkAjIHNoyQ-nEXHtSpu,5,অসাধারণ,0,2026-05-18 16:03:08,,2026-05-18 16:06:58,রিভিউ দেওয়ার জন্য আপনাকে অসংখ্য ধন্যবাদ। বিকাশ অ্যাপ ব্যবহার করার অভিজ্ঞতাটি আমাদের সাথে তুলে ধরার জন্য এবং বিকাশ অ্যাপ ব্যবহার করে আপনার ভালো লেগেছে জেনে আমরা আনন্দিত।,bn,bKash
104,ea27d44c-6ec3-46d9-aa5a-443e6a955344,ঘাস ফুল,https://play-lh.googleusercontent.com/a/ACg8ocI6ubKQNFd9UK5HcZkd2q9xVCryIQwF1g2kxBRhAK0r5vpvIg=mo,5,good app,0,2026-05-18 03:04:59,,2026-05-18 03:05:43,Thank you for the great review! We are so happy that you loved our app. Your appreciation & encouraging ratings means a lot to us. Thanks for being with bKash.,bn,bKash
105,f4ed9991-eac1-4f75-aff7-7bb31d0c117a,Md Taher Hossen,https://play-lh.googleusercontent.com/a/ACg8ocKqSEs9RTrAsoP4WcVRKgTFuhhFHSbHB7EFeUMMxy0rRirxaA=mo,5,ভালো,0,2026-05-17 21:41:16,7.1.0,2026-05-17 21:43:25,রেটিং দেওয়ার জন্য আপনাকে অসংখ্য ধন্যবাদ। বিকাশ অ্যাপ ব্যবহার করে আপনার ভালো লেগেছে জেনে আমরা আনন্দিত।,bn,bKash
106,51593077-b365-413c-8430-4d1a492f7b65,mdsiddique howladar,https://play-lh.googleusercontent.com/a-/ALV-UjVQvHIl1Gt5j_8Co4PeEb-OpwOZ8wozeEQDYZ7ecFNibKG71pE,5,ভালো,0,2026-05-17 21:11:47,7.1.0,2026-05-17 21:12:20,রেটিং দেওয়ার জন্য আপনাকে অসংখ্য ধন্যবাদ। বিকাশ অ্যাপ ব্যবহার করে আপনার ভালো লেগেছে জেনে আমরা আনন্দিত।,bn,bKash
107,a4deaac3-918c-4713-820f-c45359c3aa53,Md Yeasin Arafat,https://play-lh.googleusercontent.com/a-/ALV-UjVR6nwOc--Q1S8jWMudNxEDAAYoBfIc3AIXD8Io8jEc7MTvI9WQ,5,ভালো,2,2026-05-17 15:19:10,7.2.0,2026-05-17 15:55:49,রেটিং দেওয়ার জন্য আপনাকে অসংখ্য ধন্যবাদ। বিকাশ অ্যাপ ব্যবহার করে আপনার ভালো লেগেছে জেনে আমরা আনন্দিত।,bn,bKash
108,07420b79-66e8-4c53-a8df-a671bcfc6cb7,MDmohi UDDIN,https://play-lh.googleusercontent.com/a/ACg8ocL7nh9R1D7vWBhs6mGOQwzBRutYSbMpCEZfYoTRO8waVcvIFw=mo,5,cobal,0,2026-05-17 02:11:27,7.1.0,2026-05-17 02:17:57,"Thank you very much for your 5-star review. Please explain your query so that we can provide correct information. For any services or offers related to your bKash account, please email us at support@bkash.com or Contact “Live Chat” by tapping on this link https://www.bkash.com/help/livechat with relevant information and your bKash number.",bn,bKash
109,c4eae502-24da-401a-b231-bcc8c878a6dd,SARS SA3,https://play-lh.googleusercontent.com/a/ACg8ocKISGdLiR0vF6G3VtQfqZ0bX_tLFh0SIWGGGZajx8bDJ6MNfA=mo,5,Good,0,2026-05-17 01:01:11,,2026-05-17 02:00:00,Thank you for the great review! We are so happy that you loved our app. Your appreciation & encouraging ratings means a lot to us. Thanks for being with bKash.,bn,bKash
110,4f6679c9-9cc1-4233-b453-24da5281cb75,Shimul Miah,https://play-lh.googleusercontent.com/a-/ALV-UjVEDHXqoO3uzgUSQ-FoejF9V0d89D68DRlmx2T234L6DjLJ8lg,4,অনেক ভালো,0,2026-05-17 00:24:01,7.1.0,2026-05-17 00:29:05,"আপনার রিভিউ-এর জন্য আপনাকে ধন্যবাদ। আমরা প্রতিনিয়ত বিকাশ এ আরও দারুণ সব ফিচার এবং সেবা নিয়ে আসছি। আপনি যেহেতু বিকাশ অ্যাপ ব্যবহার করে খুশি রয়েছেন, তাই আপনি চাইলে আপনার রেটিংটি পুনর্বিবেচনা করতে পারেন।",bn,bKash
111,04290f35-6d1e-4cca-8c4a-0146b3fee5c3,Ashik Khan,https://play-lh.googleusercontent.com/a/ACg8ocKMbFb4da5__vPHIFx5L4QbS4wHxMVpFUbS_IXFMjMjILBlSQ=mo,5,nice,0,2026-05-16 16:34:30,,2026-05-16 16:38:08,Thank you so much for your kind words. We really appreciate you taking the time to share your experience with us.,bn,bKash
112,e97c9c2d-c242-4490-a890-eb68c3d1b662,Md Mohiuddin,https://play-lh.googleusercontent.com/a/ACg8ocJwAAyPkQOmPOUSXWQ1LXZDOd51l9VqsGKN2vkZrQuDdWHgKw=mo,5,বেসরকার,0,2026-05-16 14:28:42,,2026-05-16 14:30:57,"৫ স্টার রেটিং দেওয়ার জন্য অসংখ্য ধন্যবাদ। অনুগ্রহ করে আপনার রিভিউটি বুঝিয়ে বলুন যাতে সঠিক তথ্য দিয়ে সহযোগিতা করতে পারি। এছাড়া আপনার বিকাশ সংক্রান্ত যেকোনো সেবা বা অফার সম্পর্কে জানতে আপনার বিকাশ একাউন্ট নাম্বার সহ আমাদের মেইল করুন support@bkash.com এই ঠিকানায় অথবা ""লাইভ চ্যাট ""  করার জন্য https://www.bkash.com/help/livechat এই লিংকটি ভিজিট করুন।",bn,bKash
113,6ce74b30-32f2-4d47-a224-f7fedcf64639,&Adidakhatun.com.24 Khatun,https://play-lh.googleusercontent.com/a/ACg8ocJp3Wg8KmwLvaj_P5P9uJnNwwC2IedhyfvkCV1A27SXOgfxeQ=mo,5,balo onek valo,0,2026-05-16 11:20:05,7.1.0,2026-05-16 11:32:44,রেটিং দেওয়ার জন্য আপনাকে অসংখ্য ধন্যবাদ। বিকাশ অ্যাপ ব্যবহার করে আপনার ভালো লেগেছে জেনে এবং আপনার আশানুরূপ সেবা দিতে পারায় আমরা আনন্দিত। বিকাশের সাথে থাকার জন্য ধন্যবাদ।,bn,bKash
114,2435c439-7fbd-4298-9cb5-adc0df875927,Mamunur Roshid,https://play-lh.googleusercontent.com/a/ACg8ocKkmSeFjMXcBLlPXxI0hU3WfjGzKZzJD2AH309ZjZNUtDTVAA=mo,5,Good,0,2026-05-16 05:23:28,,2026-05-16 05:47:56,Thanks for taking the time out to share your experience with us. It really helps us keep going and deliver the best.,bn,bKash
115,c7dd86b4-d169-4194-b6d9-8191b180d654,Hasan Shik,https://play-lh.googleusercontent.com/a-/ALV-UjWdYYGM7-BKrOFminf-wC9A22kvuemBO3y0hCPH7xPF2RnbU4VKdg,4,good,0,2026-05-16 05:08:10,7.1.0,2026-05-16 05:10:03,"We feel glad to know your feedback. Stay with bKash and enjoy amazing services that we are continuously bringing to make you happy. As you are happy with the App, if you'd like you may reconsider your rating.",bn,bKash
116,7c271005-ee95-4d41-97d4-d7bda14df8a8,Md Forman Ali,https://play-lh.googleusercontent.com/a-/ALV-UjUrUG84rEQ4zPdBl-W9wpK1GBxWj-RM6i-QQaRKqqo499Ko3R0,5,ok,0,2026-05-15 18:56:34,7.1.0,2026-05-15 19:22:17,Thanks for your support all along. It really helps us keep going and deliver the best. We will keep working to provide a good user experience. Keep using our app.,bn,bKash
117,623d7d37-7a98-4e2f-8ba7-2fbbe7bcb5ba,md shohag,https://play-lh.googleusercontent.com/a/ACg8ocJgT_l2psLAytNrpF1N4sPGYY1zE4mtpt_06jdgusjR5vdawQ=mo,5,Nice,0,2026-05-15 17:22:55,7.1.0,2026-05-15 17:45:10,Thank you so much for your kind words. We really appreciate you taking the time to share your experience with us.,bn,bKash
118,a1877a49-1ed1-4da5-a1c6-ea18408634ae,Md Shawon Ahmmed Shanto,https://play-lh.googleusercontent.com/a-/ALV-UjUe5RFU6653FqpfOEuDrdpHSXntyl9aDsD8kzptu0ZNR86eta6I,5,আমি লোন পাই না এটা আমার দুঃখ,0,2026-05-15 15:53:32,7.0.0,2026-05-15 15:57:43,লোন সার্ভিসটি বর্তমানে নির্দিষ্ট সংখ্যক গ্রাহকের জন্য চালু করা হয়েছে। বিকাশ একাউন্টে লোন পাবার সম্ভাবনা বাড়াতে একাউন্ট সচল রাখুন এবং একাউন্ট দিয়ে বেশি বেশি লেনদেন করুন। তবে একাউন্টের অধিক ব্যবহার সবসময় লোন পাবার নিশ্চয়তা দেয়না। বিস্তারিত জানতে ক্লিক করুন: https://www.bkash.com/products-services/loan,bn,bKash
119,7aa58c54-1f15-4fce-8808-7e9b82c080e0,Md Niamul Islam,https://play-lh.googleusercontent.com/a-/ALV-UjX5BITwecLnlkfmEjoRNfET4bTmjt4P0YFUxp00ZDI3zeNxBik,5,Nice,0,2026-05-15 14:29:23,7.1.0,2026-05-15 14:32:52,Thanks for taking the time out to share your experience with us. It really helps us keep going and deliver the best.,bn,bKash
120,66d340c3-4bc5-4880-bc5b-e6b8e065407d,মোঃইসা হাওলাদার,https://play-lh.googleusercontent.com/a/ACg8ocJ0I3fUfwsmA1CzGCCPrYt5AEXnKlqBQnZWT1oNBc8hhNhNLg=mo,5,🥰,0,2026-05-14 23:45:45,7.1.0,2026-05-14 23:47:13,"Thank you for the great review! We are so happy that you loved our app. Your appreciation & encouraging ratings means a lot to us. Thanks for being with bKash.

",bn,bKash
121,54e19dc9-9827-4b91-919d-917f92309c3c,Tanvir khan,https://play-lh.googleusercontent.com/a-/ALV-UjUex5o4-IK6bun1eEzBYEI-hvFodHt6_FNRXsQyKXoIDJWN6ps,5,nice app,0,2026-05-14 20:07:22,,2026-05-14 20:20:01,Thank you so much for your kind words. We really appreciate you taking the time to share your experience with us.,bn,bKash
122,f5bc059c-c34f-4636-9b6c-f23399596c3f,Srabon Ahmed,https://play-lh.googleusercontent.com/a/ACg8ocJcxN9NquPO-9BZz3VxJNhmcswAGSIWfMUvaxlpXija24JQzg=mo,5,ভালো অনেক,0,2026-05-14 15:39:32,6.9.0,2026-05-14 15:41:07,অসংখ্য ধন্যবাদ আপনার এই সুন্দর রিভিউটি  আমাদের সাথে শেয়ার করার জন্য। আশা করছি ভবিষ্যতেও আপনার মতো মূল্যবান গ্রাহকদের এভাবেই ভালো সেবা প্রদান করতে পারবো।,bn,bKash
123,f1d3962d-d371-4b6a-8e87-9fe846213a85,Sakib Sakib,https://play-lh.googleusercontent.com/a-/ALV-UjV5mdGmZP-70umjV3E0KJjg-F4vhP5s8UjR6C7ySl6u_UfhCKb4,1,বিকাশ একটা ব্যাংক মানুষের খুব দরকার কারি,6,2026-05-14 04:58:41,7.1.0,2026-05-14 05:09:04,রেটিং দেওয়ার জন্য আপনাকে অসংখ্য ধন্যবাদ। বিকাশ অ্যাপ ব্যবহার করে আপনার ভালো লেগেছে জেনে আমরা আনন্দিত।,bn,bKash
124,bca03de8-d920-4773-aa0d-42097055508d,Md Motikul Islam,https://play-lh.googleusercontent.com/a/ACg8ocKJi4eFkiljwaNayER0Rsv6X4s78HKfjMYYYF7L0ZOgEimQKQ=mo,5,good,0,2026-05-13 23:47:06,7.1.0,2026-05-13 23:48:28,Thank you so much for your kind words. We really appreciate you taking the time to share your experience with us.,bn,bKash
125,847a0529-146c-4eb4-b84d-f462bffe3131,Ismail Mia,https://play-lh.googleusercontent.com/a-/ALV-UjVssKhJhdf-sQll48zylf8Do3blU_tMeqxpB7dM2ZmiW_-gG2U,5,good app,0,2026-05-13 23:19:42,,2026-05-13 23:23:34,Thank you for the great review! We are so happy that you loved our app. Your appreciation & encouraging ratings means a lot to us. Thanks for being with bKash.,bn,bKash
126,d1ac8202-68a3-485d-a69f-37f68c0e290f,Eakub Ali,https://play-lh.googleusercontent.com/a-/ALV-UjWMyh3CFoWPwrEmq-uFOsEdXgM5YD5jgaSfiqQBp_GkFRnDsik,5,nice,0,2026-05-13 21:16:37,,2026-05-13 21:30:35,Thank you for the great review! We are so happy that you loved our app. Your appreciation & encouraging ratings means a lot to us. Thanks for being with bKash.,bn,bKash
127,deaca4be-60c3-4896-8dd2-b3d79e1fbabb,Rasel’s Ruma,https://play-lh.googleusercontent.com/a-/ALV-UjU7oXVRJPlge7K_zD79i82RHtvziHiVs_eAiUgBgglmjLk89Ys,5,Good 👍 apps,0,2026-05-13 20:22:39,,2026-05-13 20:28:32,Thank you for the great review! We are so happy that you loved our app. Your appreciation & encouraging ratings means a lot to us. Thanks for being with bKash.,bn,bKash
128,0f2aae61-7f61-48a7-98df-858dec30d160,Anik salman,https://play-lh.googleusercontent.com/a-/ALV-UjU_Q4ekRQigP-1wq-ufrXBRAa64pq6xureyQCGTCQUL2ea8-GY,5,ধন্যবাদ,0,2026-05-13 08:45:29,7.1.0,2026-05-13 09:26:36,রেটিং দেওয়ার জন্য আপনাকে অসংখ্য ধন্যবাদ। বিকাশ অ্যাপ ব্যবহার করে আপনার ভালো লেগেছে জেনে আমরা আনন্দিত।,bn,bKash
129,a932a522-2e59-4d91-ab96-b68196499fec,MD Suman,https://play-lh.googleusercontent.com/a-/ALV-UjUMtBf5T4rb5Fj0aIWs0ilwFLeJZnso13_VyLv0qOwD4-0DH82B,5,ভালো,2,2026-05-13 06:40:03,7.1.0,2026-05-13 06:46:10,রেটিং দেওয়ার জন্য আপনাকে অসংখ্য ধন্যবাদ। বিকাশ অ্যাপ ব্যবহার করে আপনার ভালো লেগেছে জেনে আমরা আনন্দিত।,bn,bKash
130,11840f00-f75a-4885-ad82-853a063f4cae,Parvaz Sheikh,https://play-lh.googleusercontent.com/a/ACg8ocL0YVD1hPhN3Wn4akNFsOayOysFrxkufW9UI-E2i2oT1MTC=mo,1,fake,1,2026-05-13 05:30:06,7.1.0,,,bn,bKash
131,1074dbcc-886f-47df-91c5-bb2ac49f7e8f,Md Harun Sepay,https://play-lh.googleusercontent.com/a-/ALV-UjXlNFX3spTWw5aDHJ86CU8R71n_IDBin3HuF2O9ul2QpuIj438,5,ইদানীং সমস্যা হয়ে কেনো,0,2026-05-12 18:56:56,7.1.0,2026-05-12 19:01:54,"আপনার অসুবিধার জন্য আমরা দুঃখিত। আপনার সমস্যা সম্পর্কে বিস্তারিত জানাতে “লাইভ চ্যাট “ করার জন্য https://www.bkash.com/help/livechat এই লিংকটি ভিজিট করুন। বা support@bkash.com এ ইমেইলের মাধ্যমে আমাদের সাথে যোগাযোগ করুন, আমাদের সংশ্লিষ্ট টিম আপনার সমস্যা সমাধানের চেষ্টা করবে।",bn,bKash
132,c78f78b8-c99b-4fc8-932f-915c82b3ab48,SSS Tahmid,https://play-lh.googleusercontent.com/a-/ALV-UjV-PtOIeUYUSAFJ81dI73ZSCpgps5PyUoxII5oP1SujfvS7fCJg,5,Good,0,2026-05-12 17:47:32,7.1.0,2026-05-12 17:51:17,Thank you for the great review! We are so happy that you loved our app. Your appreciation & encouraging ratings means a lot to us. Thanks for being with bKash.,bn,bKash
133,443e434e-aadc-4f6f-87e1-fc1538631659,AksMD,https://play-lh.googleusercontent.com/a/ACg8ocK_qT7NNHivF1gSNI8Sgay-1lgjs1efIAkm7jl4OSDpbylOfW8=mo,5,Akssiddik99 is a good one too ❤️❤️🧡💞💯💯💯💯💯💯💯💯💯,0,2026-05-12 15:22:36,,2026-05-12 15:23:27,"Thank you very much for your 5-star review. Please explain your query so that we can provide correct information. For any services or offers related to your bKash account, please email us at support@bkash.com or Contact “Live Chat” by tapping on this link https://www.bkash.com/help/livechat with relevant information and your bKash number.",bn,bKash
134,1e707fd4-f10f-456a-84d5-dfc162e7e280,জডজড জজ,https://play-lh.googleusercontent.com/a/ACg8ocK_QCoBnqotuiVIusoZy8nQe3V2pnb7zXCkP4bWIJwp5pKpNw=mo,5,nice,0,2026-05-12 13:10:43,,2026-05-12 13:21:01,Thank you for your encouraging words. We are really glad that you liked our app. We will keep working to provide a good user experience. Keep using our app.,bn,bKash
135,5c7b3c3a-d629-485d-a6c5-0f4891a80f53,Rajjak Sk,https://play-lh.googleusercontent.com/a/ACg8ocLjkfSfSY1dvUWmqDnRePjtyHBD0OrkzvweSd5VfbrEOOQX3g=mo,5,good,0,2026-05-12 10:21:34,7.1.0,2026-05-12 10:47:37,Thanks for taking the time out to share your experience with us. It really helps us keep going and deliver the best.,bn,bKash
136,d5824b80-148d-4d9c-b2df-601fab359a5e,Jabed Khan,https://play-lh.googleusercontent.com/a/ACg8ocLBl_Zk9ftKYuDZdlW_E-S3WeD9uSZ5-CdWONShvZDfF78icQ=mo,5,",❤️❤️❤️❤️❤️❤️",0,2026-05-11 22:34:10,7.1.0,2026-05-11 23:34:31,Thank you for the great review! We are so happy that you loved our app. Your appreciation & encouraging ratings means a lot to us. Thanks for being with bKash.,bn,bKash
137,aa10f345-d35b-4a6f-9593-57d6b85815e6,Jobair Mia,https://play-lh.googleusercontent.com/a-/ALV-UjWL1D09gqcFEjknV7Oe73ZH3_bId5SGMmaBYC-m6FGhWQxFqyM,5,অনেক ভালো,0,2026-05-11 19:09:15,7.1.0,2026-05-11 19:11:40,রেটিং দেওয়ার জন্য আপনাকে অসংখ্য ধন্যবাদ। বিকাশ অ্যাপ ব্যবহার করে আপনার ভালো লেগেছে জেনে আমরা আনন্দিত।,bn,bKash
138,6afadc5b-7cdc-447c-bf50-2374b3005259,MD AJAD,https://play-lh.googleusercontent.com/a/ACg8ocKqYyXwR8sCl2UAh7mt60cUy7iRNYnXGX0worr5ELfOpfsv_3nj=mo,5,nice,0,2026-05-11 13:34:42,7.1.0,2026-05-11 13:40:21,Thanks for taking the time out to share your experience with us. It really helps us keep going and deliver the best.,bn,bKash
139,b580e61d-0b4c-49d8-aeac-daa4fa35a03e,MD Arman Alli,https://play-lh.googleusercontent.com/a-/ALV-UjWVpWmCZAcxIixSZtJrVDxnNuML1y3PhH1KQSjNCmdwr91k3Pk,5,ok,0,2026-05-11 10:30:44,7.1.0,2026-05-11 10:37:46,Thanks for taking the time out to share your experience with us. It really helps us keep going and deliver the best.,bn,bKash
140,2a38e5c2-5bcf-435b-8b10-c3986d03093b,Shopon Raza77,https://play-lh.googleusercontent.com/a/ACg8ocI4YPKC7jXWvWNUuqE7mny7XXmbbeQFaR8v2hx4S16OMeSewg=mo,5,ok,0,2026-05-11 01:05:34,7.1.0,2026-05-11 01:20:47,Thanks for taking the time out to share your experience with us. It really helps us keep going and deliver the best.,bn,bKash
141,8ca8fd0f-7abb-45b9-8624-3e8beb435fe6,টাকলা মুরাদ,https://play-lh.googleusercontent.com/a/ACg8ocKChNx6-txKyPFCBrDE_zDTwtEzLGnJqRuF-P056V5NGQlgoA=mo,1,🥰,1,2026-05-10 18:17:24,7.1.0,2026-05-10 18:31:39,"Your appreciation means a lot to us. We are continuously working to enrich your experience through bKash App. As you are happy with the App, if you'd like you may reconsider your rating.",bn,bKash
142,4c71531c-d627-43eb-838a-b8a3ebde2b59,MD ARIF,https://play-lh.googleusercontent.com/a/ACg8ocISyzRnO5d31dnvzXtia5bhDUKdyzA4RWO8vSJVLqVPJzOL6g=mo,5,ভালো,0,2026-05-10 10:56:20,,2026-05-10 10:58:06,রেটিং দেওয়ার জন্য আপনাকে অসংখ্য ধন্যবাদ। বিকাশ অ্যাপ ব্যবহার করে আপনার ভালো লেগেছে জেনে এবং আপনার আশানুরূপ সেবা দিতে পারায় আমরা আনন্দিত। বিকাশের সাথে থাকার জন্য ধন্যবাদ।,bn,bKash
143,344a24d8-a9d7-4c16-8d12-22670809b9b4,Ara Fat,https://play-lh.googleusercontent.com/a/ACg8ocJx1H_oeHbnD7uvysWiFHK5Gdrb1D0Z80SoZzjFRnIdeVa_Qg=mo,5,ভালো,0,2026-05-10 10:48:03,7.0.0,2026-05-10 10:49:19,রেটিং দেওয়ার জন্য আপনাকে অসংখ্য ধন্যবাদ। বিকাশ অ্যাপ ব্যবহার করে আপনার ভালো লেগেছে জেনে আমরা আনন্দিত।,bn,bKash
144,3eb68b97-551a-4499-a9ac-6dcc27cc9db3,Md. Anowur hossain,https://play-lh.googleusercontent.com/a-/ALV-UjXoWPh7ExZFx-naVB8an2Ch4tr6gmzmNABZvOC7DD0YIaFMjIM,4,ভালো,0,2026-05-10 09:16:02,,2026-05-10 09:20:01,"আপনার প্রশংসা আমাদের কাছে অত্যন্ত মূল্যবান। বিকাশ অ্যাপের অভিজ্ঞতা সমৃদ্ধ করার জন্য আমরা নিরলসভাবে কাজ করে যাচ্ছি ।  আপনি যেহেতু বিকাশ অ্যাপ ব্যবহার করে খুশি রয়েছেন, তাই আপনি চাইলে আপনার রেটিংটি পুনর্বিবেচনা করতে পারেন।",bn,bKash
145,e0d89b14-56be-4b67-80da-953e57de092d,Md Azizul,https://play-lh.googleusercontent.com/a-/ALV-UjX5Pi0qh-ROqBOZ99GtCSw1SNM2OrdWoi75VzgVyPvyudXHABs,5,nice,0,2026-05-10 06:48:54,7.1.0,2026-05-10 06:52:11,Thanks for taking the time out to share your experience with us. It really helps us keep going and deliver the best.,bn,bKash
146,6f8fa91e-8431-4b25-b0e7-03a235b08812,Rakib,https://play-lh.googleusercontent.com/a-/ALV-UjVk85FbB0S-2BZv_ez3TvyMUtfuGek8KfRBre8h5bmGZmo-P0M,5,বিকাশ অ্যাপ এর দুর্দান্ত ফিউচার এবং কাজ ব্যবহার করে ভালো লাগে,2,2026-05-10 00:17:12,7.1.0,2026-05-10 00:21:51,রেটিং দেওয়ার জন্য আপনাকে অসংখ্য ধন্যবাদ। বিকাশ অ্যাপ ব্যবহার করে আপনার ভালো লেগেছে জেনে আমরা আনন্দিত।,bn,bKash
147,a6af3d7f-4233-4efa-8f25-c01f2b6005a8,mdbashar howladar,https://play-lh.googleusercontent.com/a/ACg8ocKg0UOsgXPuhP4sNZuPdQkPH5KpWVncz5yUX4eNLux3E_sc0Vc=mo,5,nice,0,2026-05-09 23:33:08,6.8.2,2026-05-09 23:56:57,Thank you for the great review! We are so happy that you loved our app. Your appreciation & encouraging ratings means a lot to us. Thanks for being with bKash.,bn,bKash
148,f0d2edce-a629-4032-b144-83c70a179e96,সোহাগ লাভিবা,https://play-lh.googleusercontent.com/a/ACg8ocL_KsEe9BuJe3uvol24xyh6fmHW0QgXGAluWLz9KhqoMTqmCDU=mo,1,অনেক সময় অ্যাপের মধ্যে ঢুকাতে অনেক দেরি করে,1,2026-05-09 23:23:41,,2026-05-09 23:48:48,"আপনার অসুবিধার জন্য আমরা দুঃখিত। আপনার সমস্যা সম্পর্কে বিস্তারিত জানাতে “লাইভ চ্যাট “ করার জন্য https://www.bkash.com/help/livechat এই লিংকটি ভিজিট করুন। বা support@bkash.com এ ইমেইলের মাধ্যমে আমাদের সাথে যোগাযোগ করুন, আমাদের সংশ্লিষ্ট টিম আপনার সমস্যা সমাধানের চেষ্টা করবে।",bn,bKash
149,5a375ef8-c9b0-4c51-a095-8f2f16366e67,Mozammel Haq,https://play-lh.googleusercontent.com/a-/ALV-UjXmJHscD38629ex0qUKeB_D_gs1by3QwR9xIUlHqiuQvs_LfB4,5,ok,1,2026-05-09 22:40:07,7.1.0,2026-05-09 22:40:58,Thanks for your support all along. It really helps us keep going and deliver the best. We will keep working to provide a good user experience. Keep using our app.,bn,bKash
150,577f338d-4adc-42ed-94be-b36503a389ec,Ashik khan,https://play-lh.googleusercontent.com/a-/ALV-UjXulC1Rraerryo-rrgp0U8VK3kMUoL9GB6y-D4TaoN2fs5hlZU,1,wow,0,2026-05-09 22:13:39,,2026-05-09 22:21:44,"Your appreciation means a lot to us. We are continuously working to enrich your experience through bKash App. As you are happy with the App, if you'd like you may reconsider your rating.",bn,bKash
151,01bca115-4c32-42b7-a69a-9da2719e8b73,Hafez Md Taskinur Rahman,https://play-lh.googleusercontent.com/a-/ALV-UjVx3a_YrMm2GJXDiSYKHZGdegjHMJtLLDvlI9s8ZvbTt0_XYdL1,1,"বিকাশ একাউন্টে অ্যাপস দিয়ে রিসার্চ করলে বা টাকা বের কররে সর্ব উচ্চ ২ বার করা যায়😥, এর পরে বিকাশ অ্যাপসে ঢুকতে গেলে আপডেট চায়😡 নতুন করে আপডেট না দেওয়া পরজন্ত ব্যবহার করা যায় না, অনেক বিরক্ত কর লাগে এক সমস্যা বার বার হচ্ছে 😡",8,2026-05-09 21:06:15,7.1.0,2026-05-09 21:23:27,"অ্যাপে নিয়মিত নতুন নতুন সিকিউরিটি ফিচার উপভোগ করতে বিকাশ অ্যাপ এর নতুন ভার্সন আপডেট করা প্রয়োজন। এছাড়া, আপনার সমস্যা সম্পর্কে বিস্তারিত জানাতে “লাইভ চ্যাট “ করার জন্য https://www.bkash.com/help/livechat এই লিংকটি ভিজিট করুন। বা support@bkash.com এ ইমেইলের মাধ্যমে আমাদের সাথে যোগাযোগ করুন, আমাদের সংশ্লিষ্ট টিম আপনার সমস্যা সমাধানের চেষ্টা করবে।",bn,bKash
152,a6286cf5-4a66-4024-b072-811315d5e9aa,Md Rakib,https://play-lh.googleusercontent.com/a/ACg8ocL_Q6vFjLobsOZWDsVgSED5NOqVKw7CzzItpg-5Sgs6xlqLLA=mo,5,😊,0,2026-05-09 18:22:30,,2026-05-09 18:27:43,Thank you for the great review! We are so happy that you loved our app. Your appreciation & encouraging ratings means a lot to us. Thanks for being with bKash.,bn,bKash
153,4d23bac5-92db-4498-aba9-08ed69ec593e,Md Asraful islam,https://play-lh.googleusercontent.com/a/ACg8ocLPgT4eEQHk1Ci1UmIItkzVF4ixN8Z4cbLqsZ2KmmZAZoIa=mo,5,Nice,0,2026-05-09 14:47:26,,2026-05-09 15:28:13,Thank you so much for your kind words. We really appreciate you taking the time to share your experience with us.,bn,bKash
154,bb242050-fd52-4c1c-9c8a-9a2044a84e28,Sharaiar Shohag,https://play-lh.googleusercontent.com/a-/ALV-UjUuBaZUjx-vUZxWnYt2NGuI2FZDH9hvWxkRqiTqtqyUKH__ZLcA,5,ভাই আপনার জন্য শুভকামনা রইল,1,2026-05-09 10:45:02,7.1.0,2026-05-09 10:50:36,রেটিং দেওয়ার জন্য আপনাকে অসংখ্য ধন্যবাদ। বিকাশ অ্যাপ ব্যবহার করে আপনার ভালো লেগেছে জেনে আমরা আনন্দিত।,bn,bKash
155,7a594689-6c12-4b58-965b-f469d6db64e0,Md Tanver Ahmed,https://play-lh.googleusercontent.com/a-/ALV-UjXZ366U7LU6dxK6iPqiwvB7ZqOhuNhygcTmaoZLKXt1t-zpDu5A,5,আমার APP বার বার ডাউনলোড করতে হয় কেনো,0,2026-05-09 07:20:56,,2026-05-09 07:37:03,"আপনার অসুবিধার জন্য আমরা দুঃখিত। আপনার সমস্যা সম্পর্কে বিস্তারিত জানাতে “লাইভ চ্যাট “ করার জন্য https://www.bkash.com/help/livechat এই লিংকটি ভিজিট করুন। বা support@bkash.com এ ইমেইলের মাধ্যমে আমাদের সাথে যোগাযোগ করুন, আমাদের সংশ্লিষ্ট টিম আপনার সমস্যা সমাধানের চেষ্টা করবে।",bn,bKash
156,5be5eb17-44bf-4668-a3ca-6e443a5bf1ce,মোঃ সুজন শেখ,https://play-lh.googleusercontent.com/a-/ALV-UjXoEdFsERLmMGrQ0B9n0r1d9BU7h8aOlcWvlerLDghie6u-LIx0VA,5,kono help Pashe na bKash Account a loan kn disca na,0,2026-05-08 23:33:17,7.1.0,2026-05-08 23:36:03,লোন সার্ভিসটি বর্তমানে নির্দিষ্ট সংখ্যক গ্রাহকের জন্য চালু করা হয়েছে। আপনি বিকাশ অ্যাপ এর হোম স্ক্রীন এর লোন অপশন থেকে যদি লোন এর ড্যাশবোর্ডটি দেখতে পান সেক্ষেত্রে আপনার একাউন্টটি লোন সার্ভিস এর অন্তর্ভুক্ত। বিস্তারিত জানতে ক্লিক করুন: https://www.bkash.com/products-services/loan,bn,bKash
157,4babb5b9-1e44-49db-b628-851c44be38bb,Md Towhid,https://play-lh.googleusercontent.com/a-/ALV-UjXH_eVhRIoE9vdPLxRTINZvt_zLNr0EnVSqD98CGCjbHse7GJk5,5,অনেক ভালো অনেক ভালো,0,2026-05-08 21:19:41,7.1.0,2026-05-08 21:42:02,রেটিং দেওয়ার জন্য আপনাকে অসংখ্য ধন্যবাদ। বিকাশ অ্যাপ ব্যবহার করে আপনার ভালো লেগেছে জেনে আমরা আনন্দিত।,bn,bKash
158,9d5a9cf7-1cea-46ce-a216-d3ce7cbf3493,Nahim hossain,https://play-lh.googleusercontent.com/a/ACg8ocKDS8uI5ZpqDRMIHtf009uQ68FBngsY0fF9jsXc53trd1L0=mo,5,ভালো,0,2026-05-08 20:08:32,7.1.0,2026-05-08 20:09:33,রেটিং দেওয়ার জন্য আপনাকে অসংখ্য ধন্যবাদ। বিকাশ অ্যাপ ব্যবহার করে আপনার ভালো লেগেছে জেনে আমরা আনন্দিত।,bn,bKash
159,a6e83944-a5f4-4959-bd87-726d94ea26b6,MaZamel Hok,https://play-lh.googleusercontent.com/a/ACg8ocJiZhSQXzAJ966oQNBL3IZ-GJ1p_SZ_fKOP38R5dWa8r1hw9Q=mo,5,valo,0,2026-05-08 17:23:39,7.1.0,2026-05-08 17:38:44,রেটিং দেওয়ার জন্য আপনাকে অসংখ্য ধন্যবাদ। বিকাশ অ্যাপ ব্যবহার করে আপনার ভালো লেগেছে জেনে আমরা আনন্দিত।,bn,bKash
160,cc026b68-895f-4118-bfa2-ec82ec37366a,Raju Miah 28,https://play-lh.googleusercontent.com/a-/ALV-UjWE9bBh3E0EKNoXgE4dvgjNAn_haz139yNT8oqCpkGFQvlnVa9J,4,ভালো,0,2026-05-08 13:51:21,6.9.5,2026-05-08 13:55:01,"আপনার প্রশংসা আমাদের কাছে অত্যন্ত মূল্যবান। বিকাশ অ্যাপের অভিজ্ঞতা সমৃদ্ধ করার জন্য আমরা নিরলসভাবে কাজ করে যাচ্ছি ।  আপনি যেহেতু বিকাশ অ্যাপ ব্যবহার করে খুশি রয়েছেন, তাই আপনি চাইলে আপনার রেটিংটি পুনর্বিবেচনা করতে পারেন।",bn,bKash
161,3212fc0b-2731-490b-890c-a4d2b3accce3,Billal Hossain,https://play-lh.googleusercontent.com/a/ACg8ocIsTcfgPG7WuXcKf_EZDxx8ehzqhmCjyhNUSdr4QhkjMgza3A=mo,5,nice,0,2026-05-08 11:47:35,7.1.0,2026-05-08 12:07:15,Thank you for the great review! We are so happy that you loved our app. Your appreciation & encouraging ratings means a lot to us. Thanks for being with bKash.,bn,bKash
162,2f3bf065-ef57-439c-af92-ac47039a7754,Md Sumon,https://play-lh.googleusercontent.com/a/ACg8ocJoCKASN9wb5SWrar2g5LpvvlBgGAfBVDGk-TJ1N4UUubXWAg=mo,5,nice,0,2026-05-08 10:41:43,,2026-05-08 11:16:44,Thank you so much for your kind words. We really appreciate you taking the time to share your experience with us.,bn,bKash
163,a585a01d-7abb-4077-93c9-ed665e6a6f7f,MD Siddik,https://play-lh.googleusercontent.com/a-/ALV-UjXmoV4iW93PDAPO8LFTlXCwI9VLaq2GDn4oRIMVURx4zt9V6iw,5,very nice,0,2026-05-08 00:55:34,7.1.0,2026-05-08 01:07:29,Thanks for taking the time out to share your experience with us. It really helps us keep going and deliver the best.,bn,bKash
164,d88e71d8-bd3f-4d8f-a81a-be78b01778e6,Omor faruk Patoary. Samrat vaijan.,https://play-lh.googleusercontent.com/a-/ALV-UjUeg2VFC1VxuB9P1g047ai2_l9CIXv2SoB8C8cqjv-tsQm2IcSv,5,খুব ভালো,0,2026-05-07 21:51:44,7.1.0,2026-05-07 22:08:53,রেটিং দেওয়ার জন্য আপনাকে অসংখ্য ধন্যবাদ। বিকাশ অ্যাপ ব্যবহার করে আপনার ভালো লেগেছে জেনে আমরা আনন্দিত।,bn,bKash
165,0f87483a-f7ea-4a75-ab08-58ca71ff3baa,সফিকুল আলম,https://play-lh.googleusercontent.com/a/ACg8ocI85iTPKDnH8mzgb81zJLTtovPRObFop6YK7129EXcRRQjCN5s=mo,1,আপডেট হচ্ছে না কেন,1,2026-05-07 10:11:38,7.1.0,2026-05-07 10:26:45,"আপনার অসুবিধার জন্য আমরা দুঃখিত। আপনার সমস্যা সম্পর্কে বিস্তারিত জানাতে “লাইভ চ্যাট “ করার জন্য https://www.bkash.com/help/livechat এই লিংকটি ভিজিট করুন। বা support@bkash.com এ ইমেইলের মাধ্যমে আমাদের সাথে যোগাযোগ করুন, আমাদের সংশ্লিষ্ট টিম আপনার সমস্যা সমাধানের চেষ্টা করবে।",bn,bKash
166,a75a3a85-5f61-458a-9e0a-0733340fdd52,MdAub ali aub ali,https://play-lh.googleusercontent.com/a-/ALV-UjVAgpQ84k9sYEZBH-lROtuYSzjo6cgRCNAOlTPV9JR3DqFf4bPU,5,ভালো,0,2026-05-07 07:54:49,7.0.0,2026-05-07 07:56:40,অসংখ্য ধন্যবাদ আপনার এই সুন্দর রিভিউটি  আমাদের সাথে শেয়ার করার জন্য। আশা করছি ভবিষ্যতেও আপনার মতো মূল্যবান গ্রাহকদের এভাবেই ভালো সেবা প্রদান করতে পারবো।,bn,bKash
167,b42aa82e-2177-4308-84a8-43237f73175b,Md Arif,https://play-lh.googleusercontent.com/a/ACg8ocL_7wKNARbFeNofW6zDP1e2N973_QrXEZhQhVZyU8iqR5eZYGY4=mo,5,ভালো,0,2026-05-07 01:18:21,7.1.0,2026-05-07 01:22:14,রেটিং দেওয়ার জন্য আপনাকে অসংখ্য ধন্যবাদ। বিকাশ অ্যাপ ব্যবহার করে আপনার ভালো লেগেছে জেনে আমরা আনন্দিত।,bn,bKash
168,1bef739e-5065-415f-b651-f2e026dd1134,Md Saiful,https://play-lh.googleusercontent.com/a-/ALV-UjUjNArLYaKqXKoVrxEEA8PjUlHB-4wLhVubvF-8jgEBfsT1OIfc,5,নাইছ,0,2026-05-06 17:18:28,7.1.0,2026-05-06 17:20:13,রেটিং দেওয়ার জন্য আপনাকে অসংখ্য ধন্যবাদ। বিকাশ অ্যাপ ব্যবহার করে আপনার ভালো লেগেছে জেনে আমরা আনন্দিত।,bn,bKash
169,324d8944-4941-4e25-bcbb-f9ff24ebe162,Nishi Akter,https://play-lh.googleusercontent.com/a-/ALV-UjXMVWu5RIFIdmT5egLNtIyboO-otRuReuC3Ub7c8-oBK8J8XajR4w,4,বিকাশ সম্বন্ধে আমি বেশি বুঝতে পারছি না প্লিজ হেল্প করা যাবে আমার বিকাশ কে,85,2026-05-06 10:09:09,7.1.0,2026-05-06 10:37:30,"আপনার বিকাশ সংক্রান্ত যেকোনো সেবা বা অফার সম্পর্কে জানতে আপনার বিকাশ একাউন্ট নাম্বার সহ আমাদের মেইল করুন support@bkash.com এই ঠিকানায় অথবা ""লাইভ চ্যাট ""  করার জন্য https://www.bkash.com/help/livechat এই লিংকটি ভিজিট করুন। এছাড়া, আপনার যদি বিকাশ অ্যাপটি ভালো লেগে থাকে সেক্ষেত্রে আপনি চাইলে আপনার রেটিংটি পুনর্বিবেচনা করতে পারেন",bn,bKash
170,e1559af0-ad8e-4351-b84f-cad49d3cb4bf,Asia Begum,https://play-lh.googleusercontent.com/a/ACg8ocJAArBulJOuacu2f0_jboDV45HpcXYFTtN7PJaFkIGd7JBEaw=mo,5,vary good,0,2026-05-05 22:00:14,7.1.0,2026-05-05 22:13:18,Thanks for your support all along. It really helps us keep going and deliver the best. We will keep working to provide a good user experience. Keep using our app.,bn,bKash
171,7d7c2338-cad5-4869-a908-ff5ad7cdf061,RJ Riajul,https://play-lh.googleusercontent.com/a-/ALV-UjVLKoQkUo4-aPXeyX6K5bBstZ1inUFrcaczMMz7QJJ6h8Pc_rM,5,ভালো,0,2026-05-05 20:30:02,7.0.0,2026-05-05 21:08:04,অসংখ্য ধন্যবাদ আপনার এই সুন্দর রিভিউটি  আমাদের সাথে শেয়ার করার জন্য। আশা করছি ভবিষ্যতেও আপনার মতো মূল্যবান গ্রাহকদের এভাবেই ভালো সেবা প্রদান করতে পারবো।,bn,bKash
172,f46cf835-da3e-4800-94a7-ee33b147a2ca,Md Mominul Haqe,https://play-lh.googleusercontent.com/a/ACg8ocIHX7He62Bx7pNGCy4s8nxahTN6bEwtoMo_1OkRkTEIm0SqYw=mo,5,nice,0,2026-05-05 20:00:56,,2026-05-05 20:04:03,Thanks for taking the time out to share your experience with us. It really helps us keep going and deliver the best.,bn,bKash
173,866ef7f8-2361-4a7f-81c1-6a59032c6005,Dulal Hossian (dulal),https://play-lh.googleusercontent.com/a/ACg8ocIle6tg_d_ST0TdPvo8TF5cZy1ydnmEvpbwn82oAJXZKlEz0Jro=mo,5,very good from me,0,2026-05-05 19:44:15,7.1.0,2026-05-05 19:44:43,Thank you for the great review! We are so happy that you loved our app. Your appreciation & encouraging ratings means a lot to us. Thanks for being with bKash.,bn,bKash
174,b60ba9bc-1eca-4ee1-8741-b0714c302f6a,MD HABIBUR RAHMAN,https://play-lh.googleusercontent.com/a/ACg8ocKUtV42_vamZa7ByeMq6t4VsCFIPCuCJHtdaDpl30h3IXyKAw=mo,5,খুবই ভালো চমৎকার একটি সফটওয়্যার,1,2026-05-05 19:07:09,7.1.0,2026-05-05 19:07:51,রেটিং দেওয়ার জন্য আপনাকে অসংখ্য ধন্যবাদ। বিকাশ অ্যাপ ব্যবহার করে আপনার ভালো লেগেছে জেনে এবং আপনার আশানুরূপ সেবা দিতে পারায় আমরা আনন্দিত। বিকাশের সাথে থাকার জন্য ধন্যবাদ।,bn,bKash
175,912f5508-a5fd-4e9a-8029-61b56b83b93c,Mdanuwar Husen,https://play-lh.googleusercontent.com/a-/ALV-UjVCJ_y7nfiietB7UVMKYBU7GGtqK6VfHExVF-PgLWnDl9oHHnc,5,বিকাশ থেকে লোন নিতে চাই,0,2026-05-05 08:37:59,,2026-05-05 08:59:57,লোন সার্ভিসটি বর্তমানে নির্দিষ্ট সংখ্যক গ্রাহকের জন্য চালু করা হয়েছে। আপনি বিকাশ অ্যাপ এর হোম স্ক্রীন এর লোন অপশন থেকে যদি লোন এর ড্যাশবোর্ডটি দেখতে পান সেক্ষেত্রে আপনার একাউন্টটি লোন সার্ভিস এর অন্তর্ভুক্ত। বিস্তারিত জানতে ক্লিক করুন: https://www.bkash.com/products-services/loan,bn,bKash
176,223a2cab-6102-44c5-b25f-85ace588de39,Mst Mahiya,https://play-lh.googleusercontent.com/a/ACg8ocKxShJRhk9tje4kFuK0j2Um0k0bhZv68Qy6JPhNsV2lUpQ6BA=mo,5,💜💜💜,0,2026-05-05 01:28:14,7.0.0,2026-05-05 01:39:24,Thank you for the great review! We are so happy that you loved our app. Your appreciation & encouraging ratings means a lot to us. Thanks for being with bKash.,bn,bKash
177,5c3ae567-1f91-4dcf-80cc-5ba60a3d2d0b,Md Nahidul islam,https://play-lh.googleusercontent.com/a-/ALV-UjXMoD6mBTOCJY6pv_1c4GOtwDRpAQyQrwVRgCVn5AE2iya9u3TM,5,good,0,2026-05-04 18:45:08,7.1.0,2026-05-04 18:46:42,Thank you so much for your kind words. We really appreciate you taking the time to share your experience with us.,bn,bKash
178,3c8f0b76-88a2-444b-aeef-0ac15cfe6c7e,Brishti Akhtar,https://play-lh.googleusercontent.com/a-/ALV-UjUiIqYUa-eh7eKvUcdMkqeMq_Q9VZg82wq3VcXASvMmO1wFwJs,5,ভালো,0,2026-05-04 15:38:16,7.1.0,2026-05-04 15:43:18,রেটিং দেওয়ার জন্য আপনাকে অসংখ্য ধন্যবাদ। বিকাশ অ্যাপ ব্যবহার করে আপনার ভালো লেগেছে জেনে আমরা আনন্দিত।,bn,bKash
179,4f29dc55-4d84-4af5-80b6-e430f98553db,MD rofiqw,https://play-lh.googleusercontent.com/a/ACg8ocK4HYeRoQPXmiWLb4OgFK3zyWWn5TWBbVzkBq7NKTbh3cPUIQ=mo,5,এটা খুব দরকার আমার,0,2026-05-04 13:18:47,,2026-05-04 13:29:36,"৫ স্টার রেটিং দেওয়ার জন্য আপনাকে অসংখ্য ধন্যবাদ। অনুগ্রহ করে আপনার রিভিউটি বুঝিয়ে বলুন যাতে সঠিক তথ্য দিয়ে সহযোগিতা করতে পারি। আপনার বিকাশ সংক্রান্ত যেকোনো সেবা বা অফার সম্পর্কে জানতে আপনার বিকাশ একাউন্ট নাম্বার সহ আমাদের মেইল করুন support@bkash.com এই ঠিকানায় অথবা ""লাইভ চ্যাট ""  করার জন্য https://www.bkash.com/help/livechat এই লিংকটি ভিজিট করুন।",bn,bKash
180,007d50b2-9bbd-4b27-a4c4-c29422ee64d3,Md lsrafil Pk,https://play-lh.googleusercontent.com/a/ACg8ocL8FstwHoIWrhYwWQvcpbendRT9Uvc0Dtj1sMXbZ4huimICAg=mo,4,nice ap,0,2026-05-04 11:32:06,,2026-05-04 11:36:11,"Thank you for your amazing review. We are continuously bringing more amazing features and services in bKash. As you are happy with the App, if you'd like you may reconsider your rating.",bn,bKash
181,3094a2dd-bb29-499d-8a3a-703cf301fdcb,Tantrik guru Kaviraj “মাওলানা জুনায়েদ হাবিব” Maulana Junaid Habib,https://play-lh.googleusercontent.com/a-/ALV-UjUAeWM-_nXpuCz8wURkRUeOHTBEpjU3Q-0sofDPfPFY4Y_AFb4,5,nice,0,2026-05-03 23:46:36,,2026-05-03 23:49:55,Thanks for taking the time out to share your experience with us. It really helps us keep going and deliver the best.,bn,bKash
182,db65afd3-43ff-45ef-8d3e-2769e0870ffc,MD fahim,https://play-lh.googleusercontent.com/a/ACg8ocIhpJkAz8qb78GGOoFeX8ERH_y99w-cK7pBM0Kv5_NKMKjZtA=mo,2,খুব ভালো,0,2026-05-03 23:21:20,7.1.0,2026-05-03 23:22:19,"আপনার প্রশংসা আমাদের কাছে অত্যন্ত মূল্যবান। বিকাশ অ্যাপের অভিজ্ঞতা সমৃদ্ধ করার জন্য আমরা নিরলসভাবে কাজ করে যাচ্ছি ।  আপনি যেহেতু বিকাশ অ্যাপ ব্যবহার করে খুশি রয়েছেন, তাই আপনি চাইলে আপনার রেটিংটি পুনর্বিবেচনা করতে পারেন।",bn,bKash
183,5afc8cb4-d82f-4b1b-b7ce-7163578c02ec,মো. সোলাইমান,https://play-lh.googleusercontent.com/a/ACg8ocIOZzIdZFmHBa9qNqfF4FuEjEkIfc9Zf2bSRCF3akGX_9vpwg=mo,5,আমার বিশ্বাস 🫶🫶🫶,0,2026-05-03 22:15:51,,2026-05-03 22:25:45,অসংখ্য ধন্যবাদ আপনার এই সুন্দর রিভিউটি  আমাদের সাথে শেয়ার করার জন্য। আশা করছি ভবিষ্যতেও আপনার মতো মূল্যবান গ্রাহকদের এভাবেই ভালো সেবা প্রদান করতে পারবো।,bn,bKash
184,e3a0d3de-9691-4b21-ac4a-4ced73a2617f,md mahmudul mahmudul,https://play-lh.googleusercontent.com/a-/ALV-UjV2jBkc_ZEnRsffHV8WtfOfQ2BQm3NwjoqOmOcanI7yYCoLU3ht,5,ভালো,0,2026-05-03 22:12:22,7.1.0,2026-05-03 22:25:04,রেটিং দেওয়ার জন্য আপনাকে অসংখ্য ধন্যবাদ। বিকাশ অ্যাপ ব্যবহার করে আপনার ভালো লেগেছে জেনে আমরা আনন্দিত।,bn,bKash
185,15c0da3c-a2c6-45c1-96b7-734d787c4c42,mdromjan ali,https://play-lh.googleusercontent.com/a-/ALV-UjXD-Kxs7StV1ubwzdQI_mxIFCS-SQVfDW4hj79x41O9AoOoncyj,5,আমি বিকাশ লগইন করতে চাই,2,2026-05-03 20:35:44,7.1.0,2026-05-03 21:20:02,বিকাশ অ্যাপ ব্যবহার এর জন্য অ্যান্ড্রয়েড ডিভাইসের ক্ষেত্রে Android 6.0 এবং এর পরবর্তী ভার্সন এবং অ্যাপল ডিভাইসের ক্ষেত্রে iOS 15.6 এবং এর পরবর্তী ভার্সন হতে হবে। আপনার সমস্যা সম্পর্কে বিস্তারিত জানাতে “লাইভ চ্যাট “ করার জন্য https://www.bkash.com/help/livechat এই লিংকটি ভিজিট করুন। বা support@bkash.com এ ইমেইলের মাধ্যমে আমাদের সাথে যোগাযোগ করুন।,bn,bKash
186,087865dc-5e0a-4dfd-b62c-7fdb754fd881,Md Nesar uddin,https://play-lh.googleusercontent.com/a-/ALV-UjUm3ABH8IZ8h5BBTLsX-Wq3Tb0Twy8om1k4i5jnOpUTordP-60,5,good apps,0,2026-05-03 20:33:46,,2026-05-03 21:02:35,Thanks for taking the time out to share your experience with us. It really helps us keep going and deliver the best.,bn,bKash
187,5a79af0a-9958-4f09-b70e-f12f11838d52,MASUD,https://play-lh.googleusercontent.com/a-/ALV-UjUnmtgHYgDj7Oh3cmrVXGTT2KrAgeniAvYaIydHFz8tpMKF1-x4,5,ভেরি নাইস,0,2026-05-03 12:32:29,,2026-05-03 12:48:21,রেটিং দেওয়ার জন্য আপনাকে অসংখ্য ধন্যবাদ। বিকাশ অ্যাপ ব্যবহার করে আপনার ভালো লেগেছে জেনে আমরা আনন্দিত।,bn,bKash
188,bba8360c-a9cf-43d0-95b1-5be7a6b3bdd6,Hossain Ahmed,https://play-lh.googleusercontent.com/a/ACg8ocKVYhUVHa_7lITL0-Bye1wAa9-r6ygDnU5YHH-ZxP1p2Z-NyA=mo,5,শুধু নতুন করে ডাউনলোড চায় বিকাশ,0,2026-05-03 11:32:54,7.1.0,2026-05-03 11:51:54,"আপনার অসুবিধার জন্য আমরা দুঃখিত। আপনার সমস্যা সম্পর্কে বিস্তারিত জানাতে “লাইভ চ্যাট “ করার জন্য https://www.bkash.com/help/livechat এই লিংকটি ভিজিট করুন। বা support@bkash.com এ ইমেইলের মাধ্যমে আমাদের সাথে যোগাযোগ করুন, আমাদের সংশ্লিষ্ট টিম আপনার সমস্যা সমাধানের চেষ্টা করবে।",bn,bKash
189,b88e81ff-85c4-4d82-9c84-09c196dea586,Md Iyasin rabbi,https://play-lh.googleusercontent.com/a-/ALV-UjVTRazPx6Yzgd21JLiaPMQeGRnM43rw8bWUMzoQbNiaTgA1miQk,4,❤️❤️❤️,0,2026-05-03 08:17:16,,2026-05-03 08:24:51,"We feel glad to know your feedback. Stay with bKash and enjoy amazing services that we are continuously bringing to make you happy. As you are happy with the App, if you'd like you may reconsider your rating.",bn,bKash
190,d6ea7287-21b3-42f6-a9b2-fa13663e1392,Yasmin Bagom,https://play-lh.googleusercontent.com/a/ACg8ocLLW6sLhGTxy4RD2FN2QbDDZVdOzb5C4DZGWw6lCvqIJFiLzg=mo,5,ভালো,0,2026-05-02 21:41:40,,2026-05-02 21:56:19,রেটিং দেওয়ার জন্য আপনাকে অসংখ্য ধন্যবাদ। বিকাশ অ্যাপ ব্যবহার করে আপনার ভালো লেগেছে জেনে এবং আপনার আশানুরূপ সেবা দিতে পারায় আমরা আনন্দিত। বিকাশের সাথে থাকার জন্য ধন্যবাদ।,bn,bKash
191,4cbc0723-e2a9-4021-b713-a6e966b3a449,Abu bakar Siddik,https://play-lh.googleusercontent.com/a/ACg8ocLJguYos-cSK1caiWO6RDlUZ7s0jDSZVIhtKIdxcs315qCTTg=mo,5,"বিকাশ অ্যাপস এর ব্যবহার খুবই সহজ, যে কোনো ব্যক্তি সহজভাবে বিকাশ অ্যাপস ব্যবহার করতে পারবেন",0,2026-05-02 11:20:43,,2026-05-02 11:24:38,রিভিউ দেওয়ার জন্য আপনাকে অসংখ্য ধন্যবাদ। বিকাশ অ্যাপ ব্যবহার করার অভিজ্ঞতাটি আমাদের সাথে তুলে ধরার জন্য এবং বিকাশ অ্যাপ ব্যবহার করে আপনার ভালো লেগেছে জেনে আমরা আনন্দিত।,bn,bKash
192,4fb1f9ca-35eb-4409-87f6-3b7883f28789,Roman Ahmed Calvin,https://play-lh.googleusercontent.com/a-/ALV-UjW1uMI_iy8dlb_TWVeh0K1K4OCWAUTISV2X8elXFjck_vXCuzA,5,অনেক ভালো,0,2026-05-02 09:51:29,7.1.0,2026-05-02 10:29:14,অসংখ্য ধন্যবাদ আপনার এই সুন্দর রিভিউটি  আমাদের সাথে শেয়ার করার জন্য। আশা করছি ভবিষ্যতেও আপনার মতো মূল্যবান গ্রাহকদের এভাবেই ভালো সেবা প্রদান করতে পারবো।,bn,bKash
193,cd49d925-b7d7-496b-805f-f1a3f4b0bef4,Madan Roy Madan,https://play-lh.googleusercontent.com/a/ACg8ocI5s0pVGbXDamQMl-IXV0ze7HfUjs-hhWU9vHi4OjASdFnGsQ=mo,5,খুবই ভালো।,2,2026-05-02 00:00:46,3.0.3,2026-05-02 00:02:18,রেটিং দেওয়ার জন্য আপনাকে অসংখ্য ধন্যবাদ। বিকাশ অ্যাপ ব্যবহার করে আপনার ভালো লেগেছে জেনে আমরা আনন্দিত।,bn,bKash
194,16ce3528-51db-464c-b44a-8a4c3590f373,Md Sakib,https://play-lh.googleusercontent.com/a/ACg8ocIwYl9moNURSrusiKNSTDRYc2G0rCDNQdIM4IxUjMacg46dBg=mo,1,আমার একাউন্ট খুলে না,0,2026-05-01 19:08:21,,2026-05-01 19:18:50,"সমস্যাটির বিষয়ে জানতে পেরে আমরা আন্তরিকভাবে দুঃখিত। আপনাকে অনুরোধ জানাচ্ছি, সমস্যাটির স্ক্রিনশট নিয়ে যে নাম্বারে বিকাশ একাউন্ট খুলতে চাচ্ছেন সেই নাম্বার সহ মেইল করুন support@bkash.com এ অথবা “লাইভ চ্যাট “  করার জন্য https://www.bkash.com/help/livechat এই লিংকটি ভিজিট করুন।",bn,bKash
195,0c7d4e7e-cbae-4e55-b21c-e4c956012800,Rana Raj,https://play-lh.googleusercontent.com/a/ACg8ocKzRK-aeUT4axLdWVD4YtPRgKq5smqhcgJtUWT2LIF0GvSxng=mo,5,ভালো,0,2026-05-01 17:53:48,7.1.0,2026-05-01 17:56:52,রেটিং দেওয়ার জন্য আপনাকে অসংখ্য ধন্যবাদ। বিকাশ অ্যাপ ব্যবহার করে আপনার ভালো লেগেছে জেনে আমরা আনন্দিত।,bn,bKash
196,483b30fa-1110-4a23-93a7-6f33582cefab,Mi12pro Mi12pro,https://play-lh.googleusercontent.com/a/ACg8ocKyk20O6wELM7Qt2xWQw1LY1ac0_wJeogR6LygGRaWUEhYqyQ=mo,5,good,0,2026-05-01 00:47:42,7.1.0,2026-05-01 01:10:56,Thank you for the great review! We are so happy that you loved our app. Your appreciation & encouraging ratings means a lot to us. Thanks for being with bKash.,bn,bKash
197,e9527d33-af68-4210-a467-a71e512a7810,Rifat hossen R.S,https://play-lh.googleusercontent.com/a/ACg8ocJsMDuPpwGiNtYLmoBjfmpfRdjZb0Tw8kq74o2QZWCx_6JHWA=mo,5,খুব ভালো লাগে,0,2026-04-30 11:02:45,,2026-04-30 11:20:14,রেটিং দেওয়ার জন্য আপনাকে অসংখ্য ধন্যবাদ। বিকাশ অ্যাপ ব্যবহার করে আপনার ভালো লেগেছে জেনে এবং আপনার আশানুরূপ সেবা দিতে পারায় আমরা আনন্দিত। বিকাশের সাথে থাকার জন্য ধন্যবাদ।,bn,bKash
198,2066fe18-3806-4910-8a94-2fc621115e56,Mdrafikul Mondol,https://play-lh.googleusercontent.com/a/ACg8ocIWbFzs0uP75Od9o0LFA3fVp76KEBLrW5t7SnnMwk6U4PxiCA=mo,5,কিন্তু বুঝতেছিনা কিভাবে,0,2026-04-30 10:43:47,7.1.0,2026-04-30 10:47:21,"৫ স্টার রেটিং দেওয়ার জন্য আপনাকে অসংখ্য ধন্যবাদ। অনুগ্রহ করে আপনার রিভিউটি বুঝিয়ে বলুন যাতে সঠিক তথ্য দিয়ে সহযোগিতা করতে পারি। এছাড়া আপনার বিকাশ সংক্রান্ত যেকোনো সেবা বা অফার সম্পর্কে জানতে আপনার বিকাশ একাউন্ট নাম্বার সহ আমাদের মেইল করুন support@bkash.com এই ঠিকানায় অথবা ""লাইভ চ্যাট ""  করার জন্য https://www.bkash.com/help/livechat",bn,bKash
199,6cb314b1-ab0d-4126-88c8-6ddf850e61d2,"MD, Tofazzol hosan",https://play-lh.googleusercontent.com/a/ACg8ocJtfXyZekLWyogzA0eZpljhE1Rf3X58W9EHsBrEOtz8skgrIw=mo,5,ভালো,0,2026-04-30 08:54:28,,2026-04-30 09:03:39,রেটিং দেওয়ার জন্য আপনাকে অসংখ্য ধন্যবাদ। বিকাশ অ্যাপ ব্যবহার করে আপনার ভালো লেগেছে জেনে আমরা আনন্দিত।,bn,bKash
